DAY,0-4,5-9,10-14,15-19,20-24,25-29,30-34,35-39,40-44,45-49,50-54,55-59,60-64,65-69,70-74,75-79,80-84,85-89,90-94,95-99,100-104,105-109,gr109
0,0,0,0,0,0,0,0,0,0,0,0,0,0,0,0,0,0,0,0,0,0,0,0
1,0,0,0,0,0,0,0,0,0,0,0,0,0,0,0,0,0,0,0,0,0,0,0
2,0,0,0,0,0,0,0,0,0,0,0,0,0,0,0,0,0,0,0,0,0,0,0
3,0,0,0,0,0,0,0,0,0,0,0,0,0,0,0,0,0,0,0,0,0,0,0
4,0,0,0,0,0,0,0,0,0,0,0,0,0,0,0,0,0,0,0,0,0,0,0
5,0,0,0,0,0,0,0,0,0,0,0,0,0,0,0,0,0,0,0,0,0,0,0
6,0,0,0,0,0,0,0,0,0,0,0,0,0,0,0,0,0,0,0,0,0,0,0
7,0,0,0,0,0,0,0,0,0,0,0,0,0,0,0,0,0,0,0,0,0,0,0
8,0,0,0,0,0,0,0,0,0,0,0,0,0,0,0,0,0,0,0,0,0,0,0
9,0,0,0,0,0,0,0,0,0,0,0,0,0,0,0,0,0,0,0,0,0,0,0
10,0,0,0,0,0,0,0,0,0,0,0,0,0,0,0,0,0,0,0,0,0,0,0
11,0,0,0,0,0,0,0,0,0,0,0,0,0,0,0,0,0,0,0,0,0,0,0
12,0,0,0,0,0,0,0,0,0,0,0,0,0,0,0,0,0,0,0,0,0,0,0
13,0,0,0,0,0,0,0,0,0,0,0,0,0,0,0,0,0,0,0,0,0,0,0
14,0,0,0,0,0,0,0,0,0,0,0,0,0,0,0,0,0,0,0,0,0,0,0
15,0,0,0,0,0,0,0,0,0,0,0,0,0,0,0,0,0,0,0,0,0,0,0
16,0,0,0,0,0,0,0,0,0,0,0,0,0,0,0,0,0,0,0,0,0,0,0
17,0,0,0,0,0,0,0,0,0,0,0,0,0,0,0,0,0,0,0,0,0,0,0
18,0,0,0,0,0,0,0,0,0,0,0,0,0,0,0,0,0,0,0,0,0,0,0
19,0,0,0,0,0,0,0,0,0,0,0,0,0,0,0,0,0,0,0,0,0,0,0
20,0,0,0,0,0,0,0,0,0,0,0,0,0,0,0,0,0,0,0,0,0,0,0
21,0,0,0,0,0,0,0,0,0,0,0,0,0,0,0,0,0,0,0,0,0,0,0
22,0,0,0,0,0,0,0,0,0,0,0,0,0,0,0,0,0,0,0,0,0,0,0
23,0,0,0,0,0,0,0,0,0,0,0,0,0,0,0,0,0,0,0,0,0,0,0
24,0,0,0,0,0,0,0,0,0,0,0,0,0,0,0,0,0,0,0,0,0,0,0
25,0,0,0,0,0,0,0,0,0,0,0,0,0,0,0,0,0,0,0,0,0,0,0
26,0,0,0,0,0,0,0,0,0,0,0,0,0,0,0,0,0,0,0,0,0,0,0
27,0,0,0,0,0,0,0,0,0,0,0,0,0,0,0,0,0,0,0,0,0,0,0
28,0,0,0,0,0,0,0,0,0,0,0,0,0,0,0,0,0,0,0,0,0,0,0
29,0,0,0,0,0,0,0,0,0,0,0,0,0,0,0,0,0,0,0,0,0,0,0
30,0,0,0,0,0,0,0,0,0,0,0,0,0,0,0,0,0,0,0,0,0,0,0
31,0,0,0,0,0,0,0,0,0,0,0,0,0,0,0,0,0,0,0,0,0,0,0
32,0,0,0,0,0,0,0,0,0,0,0,0,0,0,0,0,0,0,0,0,0,0,0
33,0,0,0,0,0,0,0,0,0,0,0,0,0,0,0,0,0,0,0,0,0,0,0
34,0,0,0,0,0,0,0,0,0,0,0,0,0,0,0,0,0,0,0,0,0,0,0
35,0,0,0,0,0,0,0,0,0,0,0,0,0,0,0,0,0,0,0,0,0,0,0
36,0,0,0,0,0,0,0,0,0,0,0,0,0,0,0,0,0,0,0,0,0,0,0
37,0,0,0,0,0,0,0,0,0,0,0,0,0,0,0,0,0,0,0,0,0,0,0
38,0,0,0,0,0,0,0,0,0,0,0,0,0,0,0,0,0,0,0,0,0,0,0
39,0,0,0,0,0,0,0,0,0,0,0,0,0,0,0,0,0,0,0,0,0,0,0
40,0,0,0,0,0,0,0,0,0,0,0,0,0,0,0,0,0,0,0,0,0,0,0
41,0,0,0,0,0,0,0,0,0,0,0,0,0,0,0,0,0,0,0,0,0,0,0
42,0,0,0,0,0,0,0,0,0,0,0,0,0,0,0,0,0,0,0,0,0,0,0
43,0,0,0,0,0,0,0,0,0,0,0,0,0,0,0,0,0,0,0,0,0,0,0
44,0,0,0,0,0,0,0,0,0,0,0,0,0,0,0,0,0,0,0,0,0,0,0
45,0,0,0,0,0,0,0,0,0,0,0,0,0,0,0,0,0,0,0,0,0,0,0
46,0,0,0,0,0,0,0,0,0,0,0,0,0,0,0,0,0,0,0,0,0,0,0
47,0,0,0,0,0,0,0,0,0,0,0,0,0,0,0,0,0,0,0,0,0,0,0
48,0,0,0,0,0,0,0,0,0,0,0,0,0,0,0,0,0,0,0,0,0,0,0
49,0,0,0,0,0,0,0,0,0,0,0,0,0,0,0,0,0,0,0,0,0,0,0
50,0,0,0,0,0,0,0,0,0,0,0,0,0,0,0,0,0,0,0,0,0,0,0
51,0,0,0,0,0,0,0,0,0,0,0,0,0,0,0,0,0,0,0,0,0,0,0
52,0,0,0,0,0,0,0,0,0,0,0,0,0,0,0,0,0,0,0,0,0,0,0
53,0,0,0,0,0,0,0,0,0,0,0,0,0,0,0,0,0,0,0,0,0,0,0
54,0,0,0,0,0,0,0,0,0,0,0,0,0,0,0,0,0,0,0,0,0,0,0
55,0,0,0,0,0,0,0,0,0,0,0,0,0,0,0,0,0,0,0,0,0,0,0
56,0,0,0,0,0,0,0,0,0,0,0,0,0,0,0,0,0,0,0,0,0,0,0
57,0,0,0,0,0,0,0,0,0,0,0,0,0,0,0,0,0,0,0,0,0,0,0
58,0,0,0,0,0,0,0,0,0,0,0,0,0,0,0,0,0,0,0,0,0,0,0
59,0,0,0,0,0,0,0,0,0,0,0,0,0,0,0,0,0,0,0,0,0,0,0
60,0,0,0,0,0,0,0,0,0,0,0,0,0,0,0,0,0,0,0,0,0,0,0
61,0,0,0,0,0,0,0,0,0,0,0,0,0,0,0,0,0,0,0,0,0,0,0
62,0,0,0,0,0,0,0,0,0,0,0,0,0,0,0,0,0,0,0,0,0,0,0
63,0,0,0,0,0,0,0,0,0,0,0,0,0,0,0,0,0,0,0,0,0,0,0
64,0,0,0,0,0,0,0,0,0,0,0,0,0,0,0,0,0,0,0,0,0,0,0
65,0,0,0,0,0,0,0,0,0,0,0,0,0,0,0,0,0,0,0,0,0,0,0
66,0,0,0,0,0,0,0,0,0,0,0,0,0,0,0,0,0,0,0,0,0,0,0
67,0,0,0,0,0,0,0,0,0,0,0,0,0,0,0,0,0,0,0,0,0,0,0
68,0,0,0,0,0,0,0,0,0,0,0,0,0,0,0,0,0,0,0,0,0,0,0
69,0,0,0,0,0,0,0,0,0,0,0,0,0,0,0,0,0,0,0,0,0,0,0
70,0,0,0,0,0,0,0,0,0,0,0,0,0,0,0,0,0,0,0,0,0,0,0
71,0,0,0,0,0,0,0,0,0,0,0,0,0,0,0,0,0,0,0,0,0,0,0
72,0,0,0,0,0,0,0,0,0,0,0,0,0,0,0,0,0,0,0,0,0,0,0
73,0,0,0,0,0,0,0,0,0,0,0,0,0,0,0,0,0,0,0,0,0,0,0
74,0,0,0,0,0,0,0,0,0,0,0,0,0,0,0,0,0,0,0,0,0,0,0
75,0,0,0,0,0,0,0,0,0,0,0,0,0,0,0,0,0,0,0,0,0,0,0
76,0,0,0,0,0,0,0,0,0,0,0,0,0,0,0,0,0,0,0,0,0,0,0
77,0,0,0,0,0,0,0,0,0,0,0,0,0,0,0,0,0,0,0,0,0,0,0
78,0,0,0,0,0,0,0,0,0,0,0,0,0,0,0,0,0,0,0,0,0,0,0
79,0,0,0,0,0,0,0,0,0,0,0,0,0,0,0,0,0,0,0,0,0,0,0
80,0,0,0,0,0,0,0,0,0,0,0,0,0,0,0,0,0,0,0,0,0,0,0
81,0,0,0,0,0,0,0,0,0,0,0,0,0,0,0,0,0,0,0,0,0,0,0
82,0,0,0,0,0,0,0,0,0,0,0,0,0,0,0,0,0,0,0,0,0,0,0
83,0,0,0,0,0,0,0,0,0,0,0,0,0,0,0,0,0,0,0,0,0,0,0
84,0,0,0,0,0,0,0,0,0,0,0,0,0,0,0,0,0,0,0,0,0,0,0
85,0,0,0,0,0,0,0,0,0,0,0,0,0,0,0,0,0,0,0,0,0,0,0
86,0,0,0,0,0,0,0,0,0,0,0,0,0,0,0,0,0,0,0,0,0,0,0
87,0,0,0,0,0,0,0,0,0,0,0,0,0,0,0,0,0,0,0,0,0,0,0
88,0,0,0,0,0,0,0,0,0,0,0,0,0,0,0,0,0,0,0,0,0,0,0
89,0,0,0,0,0,0,0,0,0,0,0,0,0,0,0,0,0,0,0,0,0,0,0
90,0,0,0,0,0,0,0,0,0,0,0,0,0,0,0,0,0,0,0,0,0,0,0
91,0,0,0,0,0,0,0,0,0,0,0,0,0,0,0,0,0,0,0,0,0,0,0
92,0,0,0,0,0,0,0,0,0,0,0,0,0,0,0,0,0,0,0,0,0,0,0
93,0,0,0,0,0,0,0,0,0,0,0,0,0,0,0,0,0,0,0,0,0,0,0
94,0,0,0,0,0,0,0,0,0,0,0,0,0,0,0,0,0,0,0,0,0,0,0
95,0,0,0,0,0,0,0,0,0,0,0,0,0,0,0,0,0,0,0,0,0,0,0
96,0,0,0,0,0,0,0,0,0,0,0,0,0,0,0,0,0,0,0,0,0,0,0
97,0,0,0,0,0,0,0,0,0,0,0,0,0,0,0,0,0,0,0,0,0,0,0
98,0,0,0,0,0,0,0,0,0,0,0,0,0,0,0,0,0,0,0,0,0,0,0
99,0,0,0,0,0,0,0,0,0,0,0,0,0,0,0,0,0,0,0,0,0,0,0
100,0,0,0,0,0,0,0,0,0,0,0,0,0,0,0,0,0,0,0,0,0,0,0
101,0,0,0,0,0,0,0,0,0,0,0,0,0,0,0,0,0,0,0,0,0,0,0
102,0,0,0,0,0,0,0,0,0,0,0,0,0,0,0,0,0,0,0,0,0,0,0
103,0,0,0,0,0,0,0,0,0,0,0,0,0,0,0,0,0,0,0,0,0,0,0
104,0,0,0,0,0,0,0,0,0,0,0,0,0,0,0,0,0,0,0,0,0,0,0
105,0,0,0,0,0,0,0,0,0,0,0,0,0,0,0,0,0,0,0,0,0,0,0
106,0,0,0,0,0,0,0,0,0,0,0,0,0,0,0,0,0,0,0,0,0,0,0
107,0,0,0,0,0,0,0,0,0,0,0,0,0,0,0,0,0,0,0,0,0,0,0
108,0,0,0,0,0,0,0,0,0,0,0,0,0,0,0,0,0,0,0,0,0,0,0
109,0,0,0,0,0,0,0,0,0,0,0,0,0,0,0,0,0,0,0,0,0,0,0
110,0,0,0,0,0,0,0,0,0,0,0,0,0,0,0,0,0,0,0,0,0,0,0
111,0,0,0,0,0,0,0,0,0,0,0,0,0,0,0,0,0,0,0,0,0,0,0
112,0,0,0,0,0,0,0,0,0,0,0,0,0,0,0,0,0,0,0,0,0,0,0
113,0,0,0,0,0,0,0,0,0,0,0,0,0,0,0,0,0,0,0,0,0,0,0
114,0,0,0,0,0,0,0,0,0,0,0,0,0,0,0,0,0,0,0,0,0,0,0
115,0,0,0,0,0,0,0,0,0,0,0,0,0,0,0,0,0,0,0,0,0,0,0
116,0,0,0,0,0,0,0,0,0,0,0,0,0,0,0,0,0,0,0,0,0,0,0
117,0,0,0,0,0,0,0,0,0,0,0,0,0,0,0,0,0,0,0,0,0,0,0
118,0,0,0,0,0,0,0,0,0,0,0,0,0,0,0,0,0,0,0,0,0,0,0
119,0,0,0,0,0,0,0,0,0,0,0,0,0,0,0,0,0,0,0,0,0,0,0
120,0,0,0,0,0,0,0,0,0,0,0,0,0,0,0,0,0,0,0,0,0,0,0
121,0,0,0,0,0,0,0,0,0,0,0,0,0,0,0,0,0,0,0,0,0,0,0
122,0,0,0,0,0,0,0,0,0,0,0,0,0,0,0,0,0,0,0,0,0,0,0
123,0,0,0,0,0,0,0,0,0,0,0,0,0,0,0,0,0,0,0,0,0,0,0
124,0,0,0,0,0,0,0,0,0,0,0,0,0,0,0,0,0,0,0,0,0,0,0
125,0,0,0,0,0,0,0,0,0,0,0,0,0,0,0,0,0,0,0,0,0,0,0
126,0,0,0,0,0,0,0,0,0,0,0,0,0,0,0,0,0,0,0,0,0,0,0
127,0,0,0,0,0,0,0,0,0,0,0,0,0,0,0,0,0,0,0,0,0,0,0
128,0,0,0,0,0,0,0,0,0,0,0,0,0,0,0,0,0,0,0,0,0,0,0
129,0,0,0,0,0,0,0,0,0,0,0,0,0,0,0,0,0,0,0,0,0,0,0
130,0,0,0,0,0,0,0,0,0,0,0,0,0,0,0,0,0,0,0,0,0,0,0
131,0,0,0,0,0,0,0,0,0,0,0,0,0,0,0,0,0,0,0,0,0,0,0
132,0,0,0,0,0,0,0,0,0,0,0,0,0,0,0,0,0,0,0,0,0,0,0
133,0,0,0,0,0,0,0,0,0,0,0,0,0,0,0,0,0,0,0,0,0,0,0
134,0,0,0,0,0,0,0,0,0,0,0,0,0,0,0,0,0,0,0,0,0,0,0
135,0,0,0,0,0,0,0,0,0,0,0,0,0,0,0,0,0,0,0,0,0,0,0
136,0,0,0,0,0,0,0,0,0,0,0,0,0,0,0,0,0,0,0,0,0,0,0
137,0,0,0,0,0,0,0,0,0,0,0,0,0,0,0,0,0,0,0,0,0,0,0
138,0,0,0,0,0,0,0,0,0,0,0,0,0,0,0,0,0,0,0,0,0,0,0
139,0,0,0,0,0,0,0,0,0,0,0,0,0,0,0,0,0,0,0,0,0,0,0
140,0,0,0,0,0,0,0,0,0,0,0,0,0,0,0,0,0,0,0,0,0,0,0
141,0,0,0,0,0,0,0,0,0,0,0,0,0,0,0,0,0,0,0,0,0,0,0
142,0,0,0,0,0,0,0,0,0,0,0,0,0,0,0,0,0,0,0,0,0,0,0
143,0,0,0,0,0,0,0,0,0,0,0,0,0,0,0,0,0,0,0,0,0,0,0
144,0,0,0,0,0,0,0,0,0,0,0,0,0,0,0,0,0,0,0,0,0,0,0
145,0,0,0,0,0,0,0,0,0,0,0,0,0,0,0,0,0,0,0,0,0,0,0
146,0,0,0,0,0,0,0,0,0,0,0,0,0,0,0,0,0,0,0,0,0,0,0
147,0,0,0,0,0,0,0,0,0,0,0,0,0,0,0,0,0,0,0,0,0,0,0
148,0,0,0,0,0,0,0,0,0,0,0,0,0,0,0,0,0,0,0,0,0,0,0
149,0,0,0,0,0,0,0,0,0,0,0,0,0,0,0,0,0,0,0,0,0,0,0
150,0,0,0,0,0,0,0,0,0,0,0,0,0,0,0,0,0,0,0,0,0,0,0
151,0,0,0,0,0,0,0,0,0,0,0,0,0,0,0,0,0,0,0,0,0,0,0
152,0,0,0,0,0,0,0,0,0,0,0,0,0,0,0,0,0,0,0,0,0,0,0
153,0,0,0,0,0,0,0,0,0,0,0,0,0,0,0,0,0,0,0,0,0,0,0
154,0,0,0,0,0,0,0,0,0,0,0,0,0,0,0,0,0,0,0,0,0,0,0
155,0,0,0,0,0,0,0,0,0,0,0,0,0,0,0,0,0,0,0,0,0,0,0
156,0,0,0,0,0,0,0,0,0,0,0,0,0,0,0,0,0,0,0,0,0,0,0
157,0,0,0,0,0,0,0,0,0,0,0,0,0,0,0,0,0,0,0,0,0,0,0
158,0,0,0,0,0,0,0,0,0,0,0,0,0,0,0,0,0,0,0,0,0,0,0
159,0,0,0,0,0,0,0,0,0,0,0,0,0,0,0,0,0,0,0,0,0,0,0
160,0,0,0,0,0,0,0,0,0,0,0,0,0,0,0,0,0,0,0,0,0,0,0
161,0,0,0,0,0,0,0,0,0,0,0,0,0,0,0,0,0,0,0,0,0,0,0
162,0,0,0,0,0,0,0,0,0,0,0,0,0,0,0,0,0,0,0,0,0,0,0
163,0,0,0,0,0,0,0,0,0,0,0,0,0,0,0,0,0,0,0,0,0,0,0
164,0,0,0,0,0,0,0,0,0,0,0,0,0,0,0,0,0,0,0,0,0,0,0
165,0,0,0,0,0,0,0,0,0,0,0,0,0,0,0,0,0,0,0,0,0,0,0
166,0,0,0,0,0,0,0,0,0,0,0,0,0,0,0,0,0,0,0,0,0,0,0
167,0,0,0,0,0,0,0,0,0,0,0,0,0,0,0,0,0,0,0,0,0,0,0
168,0,0,0,0,0,0,0,0,0,0,0,0,0,0,0,0,0,0,0,0,0,0,0
169,0,0,0,0,0,0,0,0,0,0,0,0,0,0,0,0,0,0,0,0,0,0,0
170,0,0,0,0,0,0,0,0,0,0,0,0,0,0,0,0,0,0,0,0,0,0,0
171,0,0,0,0,0,0,0,0,0,0,0,0,0,0,0,0,0,0,0,0,0,0,0
172,0,0,0,0,0,0,0,0,0,0,0,0,0,0,0,0,0,0,0,0,0,0,0
173,0,0,0,0,0,0,0,0,0,0,0,0,0,0,0,0,0,0,0,0,0,0,0
174,0,0,0,0,0,0,0,0,0,0,0,0,0,0,0,0,0,0,0,0,0,0,0
175,0,0,0,0,0,0,0,0,0,0,0,0,0,0,0,0,0,0,0,0,0,0,0
176,0,0,0,0,0,0,0,0,0,0,0,0,0,0,0,0,0,0,0,0,0,0,0
177,0,0,0,0,0,0,0,0,0,0,0,0,0,0,0,0,0,0,0,0,0,0,0
178,0,0,0,0,0,0,0,0,0,0,0,0,0,0,0,0,0,0,0,0,0,0,0
179,0,0,0,0,0,0,0,0,0,0,0,0,0,0,0,0,0,0,0,0,0,0,0
180,0,0,0,0,0,0,0,0,0,0,0,0,0,0,0,0,0,0,0,0,0,0,0
181,0,0,0,0,0,0,0,0,0,0,0,0,0,0,0,0,0,0,0,0,0,0,0
182,0,0,0,0,0,0,0,0,0,0,0,0,0,0,0,0,0,0,0,0,0,0,0
183,0,0,0,0,0,0,0,0,0,0,0,0,0,0,0,0,0,0,0,0,0,0,0
184,0,0,0,0,0,0,0,0,0,0,0,0,0,0,0,0,0,0,0,0,0,0,0
185,0,0,0,0,0,0,0,0,0,0,0,0,0,0,0,0,0,0,0,0,0,0,0
186,0,0,0,0,0,0,0,0,0,0,0,0,0,0,0,0,0,0,0,0,0,0,0
187,0,0,0,0,0,0,0,0,0,0,0,0,0,0,0,0,0,0,0,0,0,0,0
188,0,0,0,0,0,0,0,0,0,0,0,0,0,0,0,0,0,0,0,0,0,0,0
189,0,0,0,0,0,0,0,0,0,0,0,0,0,0,0,0,0,0,0,0,0,0,0
190,0,0,0,0,0,0,0,0,0,0,0,0,0,0,0,0,0,0,0,0,0,0,0
191,0,0,0,0,0,0,0,0,0,0,0,0,0,0,0,0,0,0,0,0,0,0,0
192,0,0,0,0,0,0,0,0,0,0,0,0,0,0,0,0,0,0,0,0,0,0,0
193,0,0,0,0,0,0,0,0,0,0,0,0,0,0,0,0,0,0,0,0,0,0,0
194,0,0,0,0,0,0,0,0,0,0,0,0,0,0,0,0,0,0,0,0,0,0,0
195,0,0,0,0,0,0,0,0,0,0,0,0,0,0,0,0,0,0,0,0,0,0,0
196,0,0,0,0,0,0,0,0,0,0,0,0,0,0,0,0,0,0,0,0,0,0,0
197,0,0,0,0,0,0,0,0,0,0,0,0,0,0,0,0,0,0,0,0,0,0,0
198,0,0,0,0,0,0,0,0,0,0,0,0,0,0,0,0,0,0,0,0,0,0,0
199,0,0,0,0,0,0,0,0,0,0,0,0,0,0,0,0,0,0,0,0,0,0,0
200,0,0,0,0,0,0,0,0,0,0,0,0,0,0,0,0,0,0,0,0,0,0,0
201,0,0,0,0,0,0,0,0,0,0,0,0,0,0,0,0,0,0,0,0,0,0,0
202,0,0,0,0,0,0,0,0,0,0,0,0,0,0,0,0,0,0,0,0,0,0,0
203,0,0,0,0,0,0,0,0,0,0,0,0,0,0,0,0,0,0,0,0,0,0,0
204,0,0,0,0,0,0,0,0,0,0,0,0,0,0,0,0,0,0,0,0,0,0,0
205,0,0,0,0,0,0,0,0,0,0,0,0,0,0,0,0,0,0,0,0,0,0,0
206,0,0,0,0,0,0,0,0,0,0,0,0,0,0,0,0,0,0,0,0,0,0,0
207,0,0,0,0,0,0,0,0,0,0,0,0,0,0,0,0,0,0,0,0,0,0,0
208,0,0,0,0,0,0,0,0,0,0,0,0,0,0,0,0,0,0,0,0,0,0,0
209,0,0,0,0,0,0,0,0,0,0,0,0,0,0,0,0,0,0,0,0,0,0,0
210,0,0,0,0,0,0,0,0,0,0,0,0,0,0,0,0,0,0,0,0,0,0,0
211,0,0,0,0,0,0,0,0,0,0,0,0,0,0,0,0,0,0,0,0,0,0,0
212,0,0,0,0,0,0,0,0,0,0,0,0,0,0,0,0,0,0,0,0,0,0,0
213,0,0,0,0,0,0,0,0,0,0,0,0,0,0,0,0,0,0,0,0,0,0,0
214,0,0,0,0,0,0,0,0,0,0,0,0,0,0,0,0,0,0,0,0,0,0,0
215,0,0,0,0,0,0,0,0,0,0,0,0,0,0,0,0,0,0,0,0,0,0,0
216,0,0,0,0,0,0,0,0,0,0,0,0,0,0,0,0,0,0,0,0,0,0,0
217,0,0,0,0,0,0,0,0,0,0,0,0,0,0,0,0,0,0,0,0,0,0,0
218,0,0,0,0,0,0,0,0,0,0,0,0,0,0,0,0,0,0,0,0,0,0,0
219,0,0,0,0,0,0,0,0,0,0,0,0,0,0,0,0,0,0,0,0,0,0,0
220,0,0,0,0,0,0,0,0,0,0,0,0,0,0,0,0,0,0,0,0,0,0,0
221,0,0,0,0,0,0,0,0,0,0,0,0,0,0,0,0,0,0,0,0,0,0,0
222,0,0,0,0,0,0,0,0,0,0,0,0,0,0,0,0,0,0,0,0,0,0,0
223,0,0,0,0,0,0,0,0,0,0,0,0,0,0,0,0,0,0,0,0,0,0,0
224,0,0,0,0,0,0,0,0,0,0,0,0,0,0,0,0,0,0,0,0,0,0,0
225,0,0,0,0,0,0,0,0,0,0,0,0,0,0,0,0,0,0,0,0,0,0,0
226,0,0,0,0,0,0,0,0,0,0,0,0,0,0,0,0,0,0,0,0,0,0,0
227,0,0,0,0,0,0,0,0,0,0,0,0,0,0,0,0,0,0,0,0,0,0,0
228,0,0,0,0,0,0,0,0,0,0,0,0,0,0,0,0,0,0,0,0,0,0,0
229,0,0,0,0,0,0,0,0,0,0,0,0,0,0,0,0,0,0,0,0,0,0,0
230,0,0,0,0,0,0,0,0,0,0,0,0,0,0,0,0,0,0,0,0,0,0,0
231,0,0,0,0,0,0,0,0,0,0,0,0,0,0,0,0,0,0,0,0,0,0,0
232,0,0,0,0,0,0,0,0,0,0,0,0,0,0,0,0,0,0,0,0,0,0,0
233,0,0,0,0,0,0,0,0,0,0,0,0,0,0,0,0,0,0,0,0,0,0,0
234,0,0,0,0,0,0,0,0,0,0,0,0,0,0,0,0,0,0,0,0,0,0,0
235,0,0,0,0,0,0,0,0,0,0,0,0,0,0,0,0,0,0,0,0,0,0,0
236,0,0,0,0,0,0,0,0,0,0,0,0,0,0,0,0,0,0,0,0,0,0,0
237,0,0,0,0,0,0,0,0,0,0,0,0,0,0,0,0,0,0,0,0,0,0,0
238,0,0,0,0,0,0,0,0,0,0,0,0,0,0,0,0,0,0,0,0,0,0,0
239,0,0,0,0,0,0,0,0,0,0,0,0,0,0,0,0,0,0,0,0,0,0,0
240,0,0,0,0,0,0,0,0,0,0,0,0,0,0,0,0,0,0,0,0,0,0,0
241,0,0,0,0,0,0,0,0,0,0,0,0,0,0,0,0,0,0,0,0,0,0,0
242,0,0,0,0,0,0,0,0,0,0,0,0,0,0,0,0,0,0,0,0,0,0,0
243,0,0,0,0,0,0,0,0,0,0,0,0,0,0,0,0,0,0,0,0,0,0,0
244,0,0,0,0,0,0,0,0,0,0,0,0,0,0,0,0,0,0,0,0,0,0,0
245,0,0,0,0,0,0,0,0,0,0,0,0,0,0,0,0,0,0,0,0,0,0,0
246,0,0,0,0,0,0,0,0,0,0,0,0,0,0,0,0,0,0,0,0,0,0,0
247,0,0,0,0,0,0,0,0,0,0,0,0,0,0,0,0,0,0,0,0,0,0,0
248,0,0,0,0,0,0,0,0,0,0,0,0,0,0,0,0,0,0,0,0,0,0,0
249,0,0,0,0,0,0,0,0,0,0,0,0,0,0,0,0,0,0,0,0,0,0,0
250,0,0,0,0,0,0,0,0,0,0,0,0,0,0,0,0,0,0,0,0,0,0,0
251,0,0,0,0,0,0,0,0,0,0,0,0,0,0,0,0,0,0,0,0,0,0,0
252,0,0,0,0,0,0,0,0,0,0,0,0,0,0,0,0,0,0,0,0,0,0,0
253,0,0,0,0,0,0,0,0,0,0,0,0,0,0,0,0,0,0,0,0,0,0,0
254,0,0,0,0,0,0,0,0,0,0,0,0,0,0,0,0,0,0,0,0,0,0,0
255,0,0,0,0,0,0,0,0,0,0,0,0,0,0,0,0,0,0,0,0,0,0,0
256,0,0,0,0,0,0,0,0,0,0,0,0,0,0,0,0,0,0,0,0,0,0,0
257,0,0,0,0,0,0,0,0,0,0,0,0,0,0,0,0,0,0,0,0,0,0,0
258,0,0,0,0,0,0,0,0,0,0,0,0,0,0,0,0,0,0,0,0,0,0,0
259,0,0,0,0,0,0,0,0,0,0,0,0,0,0,0,0,0,0,0,0,0,0,0
260,0,0,0,0,0,0,0,0,0,0,0,0,0,0,0,0,0,0,0,0,0,0,0
261,0,0,0,0,0,0,0,0,0,0,0,0,0,0,0,0,0,0,0,0,0,0,0
262,0,0,0,0,0,0,0,0,0,0,0,0,0,0,0,0,0,0,0,0,0,0,0
263,0,0,0,0,0,0,0,0,0,0,0,0,0,0,0,0,0,0,0,0,0,0,0
264,0,0,0,0,0,0,0,0,0,0,0,0,0,0,0,0,0,0,0,0,0,0,0
265,0,0,0,0,0,0,0,0,0,0,0,0,0,0,0,0,0,0,0,0,0,0,0
266,0,0,0,0,0,0,0,0,0,0,0,0,0,0,0,0,0,0,0,0,0,0,0
267,0,0,0,0,0,0,0,0,0,0,0,0,0,0,0,0,0,0,0,0,0,0,0
268,0,0,0,0,0,0,0,0,0,0,0,0,0,0,0,0,0,0,0,0,0,0,0
269,0,0,0,0,0,0,0,0,0,0,0,0,0,0,0,0,0,0,0,0,0,0,0
270,0,0,0,0,0,0,0,0,0,0,0,0,0,0,0,0,0,0,0,0,0,0,0
271,0,0,0,0,0,0,0,0,0,0,0,0,0,0,0,0,0,0,0,0,0,0,0
272,0,0,0,0,0,0,0,0,0,0,0,0,0,0,0,0,0,0,0,0,0,0,0
273,0,0,0,0,0,0,0,0,0,0,0,0,0,0,0,0,0,0,0,0,0,0,0
274,0,0,0,0,0,0,0,0,0,0,0,0,0,0,0,0,0,0,0,0,0,0,0
275,0,0,0,0,0,0,0,0,0,0,0,0,0,0,0,0,0,0,0,0,0,0,0
276,0,0,0,0,0,0,0,0,0,0,0,0,0,0,0,0,0,0,0,0,0,0,0
277,0,0,0,0,0,0,0,0,0,0,0,0,0,0,0,0,0,0,0,0,0,0,0
278,0,0,0,0,0,0,0,0,0,0,0,0,0,0,0,0,0,0,0,0,0,0,0
279,0,0,0,0,0,0,0,0,0,0,0,0,0,0,0,0,0,0,0,0,0,0,0
280,0,0,0,0,0,0,0,0,0,0,0,0,0,0,0,0,0,0,0,0,0,0,0
281,0,0,0,0,0,0,0,0,0,0,0,0,0,0,0,0,0,0,0,0,0,0,0
282,0,0,0,0,0,0,0,0,0,0,0,0,0,0,0,0,0,0,0,0,0,0,0
283,0,0,0,0,0,0,0,0,0,0,0,0,0,0,0,0,0,0,0,0,0,0,0
284,0,0,0,0,0,0,0,0,0,0,0,0,0,0,0,0,0,0,0,0,0,0,0
285,0,0,0,0,0,0,0,0,0,0,0,0,0,0,0,0,0,0,0,0,0,0,0
286,0,0,0,0,0,0,0,0,0,0,0,0,0,0,0,0,0,0,0,0,0,0,0
287,0,0,0,0,0,0,0,0,0,0,0,0,0,0,0,0,0,0,0,0,0,0,0
288,0,0,0,0,0,0,0,0,0,0,0,0,0,0,0,0,0,0,0,0,0,0,0
289,0,0,0,0,0,0,0,0,0,0,0,0,0,0,0,0,0,0,0,0,0,0,0
290,0,0,0,0,0,0,0,0,0,0,0,0,0,0,0,0,0,0,0,0,0,0,0
291,0,0,0,0,0,0,0,0,0,0,0,0,0,0,0,0,0,0,0,0,0,0,0
292,0,0,0,0,0,0,0,0,0,0,0,0,0,0,0,0,0,0,0,0,0,0,0
293,0,0,0,0,0,0,0,0,0,0,0,0,0,0,0,0,0,0,0,0,0,0,0
294,0,0,0,0,0,0,0,0,0,0,0,0,0,0,0,0,0,0,0,0,0,0,0
295,0,0,0,0,0,0,0,0,0,0,0,0,0,0,0,0,0,0,0,0,0,0,0
296,0,0,0,0,0,0,0,0,0,0,0,0,0,0,0,0,0,0,0,0,0,0,0
297,0,0,0,0,0,0,0,0,0,0,0,0,0,0,0,0,0,0,0,0,0,0,0
298,0,0,0,0,0,0,0,0,0,0,0,0,0,0,0,0,0,0,0,0,0,0,0
299,0,0,0,0,0,0,0,0,0,0,0,0,0,0,0,0,0,0,0,0,0,0,0
300,0,0,0,0,0,0,0,0,0,0,0,0,0,0,0,0,0,0,0,0,0,0,0
301,0,0,0,0,0,0,0,0,0,0,0,0,0,0,0,0,0,0,0,0,0,0,0
302,0,0,0,0,0,0,0,0,0,0,0,0,0,0,0,0,0,0,0,0,0,0,0
303,0,0,0,0,0,0,0,0,0,0,0,0,0,0,0,0,0,0,0,0,0,0,0
304,0,0,0,0,0,0,0,0,0,0,0,0,0,0,0,0,0,0,0,0,0,0,0
305,0,0,0,0,0,0,0,0,0,0,0,0,0,0,0,0,0,0,0,0,0,0,0
306,0,0,0,0,0,0,0,0,0,0,0,0,0,0,0,0,0,0,0,0,0,0,0
307,0,0,0,0,0,0,0,0,0,0,0,0,0,0,0,0,0,0,0,0,0,0,0
308,0,0,0,0,0,0,0,0,0,0,0,0,0,0,0,0,0,0,0,0,0,0,0
309,0,0,0,0,0,0,0,0,0,0,0,0,0,0,0,0,0,0,0,0,0,0,0
310,0,0,0,0,0,0,0,0,0,0,0,0,0,0,0,0,0,0,0,0,0,0,0
311,0,0,0,0,0,0,0,0,0,0,0,0,0,0,0,0,0,0,0,0,0,0,0
312,0,0,0,0,0,0,0,0,0,0,0,0,0,0,0,0,0,0,0,0,0,0,0
313,0,0,0,0,0,0,0,0,0,0,0,0,0,0,0,0,0,0,0,0,0,0,0
314,0,0,0,0,0,0,0,0,0,0,0,0,0,0,0,0,0,0,0,0,0,0,0
315,0,0,0,0,0,0,0,0,0,0,0,0,0,0,0,0,0,0,0,0,0,0,0
316,0,0,0,0,0,0,0,0,0,0,0,0,0,0,0,0,0,0,0,0,0,0,0
317,0,0,0,0,0,0,0,0,0,0,0,0,0,0,0,0,0,0,0,0,0,0,0
318,0,0,0,0,0,0,0,0,0,0,0,0,0,0,0,0,0,0,0,0,0,0,0
319,0,0,0,0,0,0,0,0,0,0,0,0,0,0,0,0,0,0,0,0,0,0,0
320,0,0,0,0,0,0,0,0,0,0,0,0,0,0,0,0,0,0,0,0,0,0,0
321,0,0,0,0,0,0,0,0,0,0,0,0,0,0,0,0,0,0,0,0,0,0,0
322,0,0,0,0,0,0,0,0,0,0,0,0,0,0,0,0,0,0,0,0,0,0,0
323,0,0,0,0,0,0,0,0,0,0,0,0,0,0,0,0,0,0,0,0,0,0,0
324,0,0,0,0,0,0,0,0,0,0,0,0,0,0,0,0,0,0,0,0,0,0,0
325,0,0,0,0,0,0,0,0,0,0,0,0,0,0,0,0,0,0,0,0,0,0,0
326,0,0,0,0,0,0,0,0,0,0,0,0,0,0,0,0,0,0,0,0,0,0,0
327,0,0,0,0,0,0,0,0,0,0,0,0,0,0,0,0,0,0,0,0,0,0,0
328,0,0,0,0,0,0,0,0,0,0,0,0,0,0,0,0,0,0,0,0,0,0,0
329,0,0,0,0,0,0,0,0,0,0,0,0,0,0,0,0,0,0,0,0,0,0,0
330,0,0,0,0,0,0,0,0,0,0,0,0,0,0,0,0,0,0,0,0,0,0,0
331,0,0,0,0,0,0,0,0,0,0,0,0,0,0,0,0,0,0,0,0,0,0,0
332,0,0,0,0,0,0,0,0,0,0,0,0,0,0,0,0,0,0,0,0,0,0,0
333,0,0,0,0,0,0,0,0,0,0,0,0,0,0,0,0,0,0,0,0,0,0,0
334,0,0,0,0,0,0,0,0,0,0,0,0,0,0,0,0,0,0,0,0,0,0,0
335,0,0,0,0,0,0,0,0,0,0,0,0,0,0,0,0,0,0,0,0,0,0,0
336,0,0,0,0,0,0,0,0,0,0,0,0,0,0,0,0,0,0,0,0,0,0,0
337,0,0,0,0,0,0,0,0,0,0,0,0,0,0,0,0,0,0,0,0,0,0,0
338,0,0,0,0,0,0,0,0,0,0,0,0,0,0,0,0,0,0,0,0,0,0,0
339,0,0,0,0,0,0,0,0,0,0,0,0,0,0,0,0,0,0,0,0,0,0,0
340,0,0,0,0,0,0,0,0,0,0,0,0,0,0,0,0,0,0,0,0,0,0,0
341,0,0,0,0,0,0,0,0,0,0,0,0,0,0,0,0,0,0,0,0,0,0,0
342,0,0,0,0,0,0,0,0,0,0,0,0,0,0,0,0,0,0,0,0,0,0,0
343,0,0,0,0,0,0,0,0,0,0,0,0,0,0,0,0,0,0,0,0,0,0,0
344,0,0,0,0,0,0,0,0,0,0,0,0,0,0,0,0,0,0,0,0,0,0,0
345,0,0,0,0,0,0,0,0,0,0,0,0,0,0,0,0,0,0,0,0,0,0,0
346,0,0,0,0,0,0,0,0,0,0,0,0,0,0,0,0,0,0,0,0,0,0,0
347,0,0,0,0,0,0,0,0,0,0,0,0,0,0,0,0,0,0,0,0,0,0,0
348,0,0,0,0,0,0,0,0,0,0,0,0,0,0,0,0,0,0,0,0,0,0,0
349,0,0,0,0,0,0,0,0,0,0,0,0,0,0,0,0,0,0,0,0,0,0,0
350,0,0,0,0,0,0,0,0,0,0,0,0,0,0,0,0,0,0,0,0,0,0,0
351,0,0,0,0,0,0,0,0,0,0,0,0,0,0,0,0,0,0,0,0,0,0,0
352,0,0,0,0,0,0,0,0,0,0,0,0,0,0,0,0,0,0,0,0,0,0,0
353,0,0,0,0,0,0,0,0,0,0,0,0,0,0,0,0,0,0,0,0,0,0,0
354,0,0,0,0,0,0,0,0,0,0,0,0,0,0,0,0,0,0,0,0,0,0,0
355,0,0,0,0,0,0,0,0,0,0,0,0,0,0,0,0,0,0,0,0,0,0,0
356,0,0,0,0,0,0,0,0,0,0,0,0,0,0,0,0,0,0,0,0,0,0,0
357,0,0,0,0,0,0,0,0,0,0,0,0,0,0,0,0,0,0,0,0,0,0,0
358,0,0,0,0,0,0,0,0,0,0,0,0,0,0,0,0,0,0,0,0,0,0,0
359,0,0,0,0,0,0,0,0,0,0,0,0,0,0,0,0,0,0,0,0,0,0,0
360,0,0,0,0,0,0,0,0,0,0,0,0,0,0,0,0,0,0,0,0,0,0,0
361,0,0,0,1,19,76,116,121,138,188,164,137,92,93,71,37,19,7,7,3,1,0,0
362,0,0,0,0,14,138,222,215,225,330,280,247,198,144,118,54,29,27,30,22,6,0,0
363,0,0,0,1,28,193,297,274,358,490,424,328,318,221,132,89,60,80,90,62,17,2,0
364,0,0,0,0,25,191,325,273,338,542,412,388,338,256,117,77,66,62,71,28,5,0,0
365,0,0,0,0,14,68,125,101,126,178,143,125,98,78,51,58,45,29,42,23,7,1,0
366,0,0,0,0,3,10,20,14,33,49,42,32,27,21,14,2,4,1,0,0,0,0,0
367,0,0,0,0,9,68,132,110,174,200,185,129,118,94,29,23,10,5,4,0,0,0,0
368,0,0,0,0,8,43,88,88,115,144,138,111,84,52,32,15,6,3,1,0,0,0,0
369,0,0,0,0,18,187,299,302,428,554,526,427,362,242,151,58,27,15,8,3,0,0,0
370,0,0,0,0,31,236,364,433,488,724,654,543,435,302,163,79,37,12,10,5,0,0,0
371,0,0,0,2,55,292,490,445,653,952,846,710,567,368,232,126,47,36,8,8,2,0,0
372,0,0,0,2,70,428,627,605,806,1145,1068,865,800,507,317,225,185,140,130,55,16,0,0
373,0,0,0,2,105,467,702,744,997,1467,1327,1097,899,633,347,258,232,255,263,201,40,1,0
374,0,0,0,0,19,73,104,143,196,237,235,211,191,187,122,87,66,64,61,28,5,0,0
375,0,0,0,0,22,73,111,109,200,237,183,204,157,159,96,75,63,38,30,15,2,0,0
376,0,0,0,1,102,566,670,720,1094,1479,1234,1046,955,628,382,234,170,210,212,124,27,0,0
377,0,0,0,1,153,560,743,933,1354,1786,1584,1281,1214,853,577,452,469,514,622,285,63,2,0
378,0,0,0,1,143,499,689,913,1232,1694,1590,1365,1220,885,708,589,550,585,581,243,43,2,1
379,0,0,0,10,187,524,709,919,1255,1836,1764,1484,1340,1039,788,700,743,802,753,335,50,2,0
380,0,0,0,3,162,494,659,801,1113,1611,1498,1437,1270,984,701,614,749,838,719,298,59,0,0
381,0,0,0,0,25,69,80,103,141,238,208,203,201,171,162,176,451,633,389,130,21,0,0
382,0,0,0,1,28,41,57,61,67,91,102,85,89,98,64,110,476,715,433,94,9,0,0
383,0,0,0,3,81,301,383,499,765,1097,996,917,824,707,511,418,1506,2060,1065,307,37,2,0
384,0,0,0,1,81,225,291,442,640,939,982,901,830,680,471,431,1591,2330,1285,418,56,4,0
385,0,0,0,1,77,239,307,422,622,899,957,900,812,693,504,489,1961,2666,1540,524,77,1,0
386,0,0,0,2,85,249,332,411,661,962,957,911,789,631,523,511,2542,3531,1906,557,84,3,0
387,0,0,0,3,82,251,302,350,480,829,800,709,642,492,407,370,2758,3775,2025,533,60,2,0
388,0,0,0,0,7,26,35,45,57,98,78,104,85,64,70,89,730,1103,566,139,20,2,0
389,0,0,0,0,8,6,12,18,26,49,43,39,40,43,36,46,565,789,425,98,13,0,0
390,0,0,0,3,69,150,202,233,319,425,447,388,365,328,226,202,1663,2440,1638,504,52,2,0
391,0,0,0,4,90,213,188,229,324,492,510,509,477,382,330,252,1435,2666,1944,444,56,0,0
392,0,0,0,5,65,151,161,243,317,481,448,426,360,282,212,239,1367,2207,1603,415,43,1,0
393,0,0,0,3,61,114,135,205,263,361,317,281,290,245,194,178,1140,1939,1037,306,33,0,0
394,0,0,0,1,34,91,100,122,185,344,297,312,267,200,144,129,1019,1681,945,309,36,0,0
395,0,0,0,0,2,7,9,10,8,18,17,23,16,27,18,16,158,247,140,24,4,0,0
396,0,0,0,0,3,1,12,6,8,17,16,12,13,13,16,14,147,222,159,52,8,0,0
397,0,0,0,1,25,81,88,108,132,185,177,144,136,128,95,125,777,1117,493,157,13,0,0
398,0,0,0,1,30,81,86,113,146,212,190,184,165,147,136,101,634,964,690,256,21,0,0
399,0,0,0,0,27,68,93,117,139,253,227,211,182,153,131,122,629,1022,824,218,13,0,0
400,0,0,0,0,33,84,75,93,148,220,196,167,156,145,120,146,782,1282,989,239,27,0,0
401,0,0,0,1,33,77,94,112,160,266,229,234,208,193,138,166,845,1288,1131,257,31,1,0
402,0,0,0,0,2,4,6,8,5,9,9,14,18,11,11,14,131,372,193,47,4,0,0
403,0,0,0,0,3,6,4,6,9,6,12,12,13,10,8,20,176,314,204,42,9,0,0
404,0,0,0,0,20,66,89,96,123,187,163,144,142,105,88,124,704,1022,802,197,20,0,0
405,0,0,0,3,36,75,99,115,186,291,243,221,204,154,152,164,741,1036,1067,295,39,0,0
406,0,0,0,1,31,94,117,169,256,377,317,276,266,167,149,150,694,1035,1013,370,38,1,0
407,0,0,0,0,58,123,154,182,252,406,361,317,275,243,234,272,902,1385,955,238,24,1,1
408,0,0,0,3,57,111,146,157,234,373,371,352,295,273,244,299,968,1630,1030,263,29,1,0
409,0,0,0,0,28,34,26,39,44,78,78,63,72,45,41,40,332,447,202,41,8,0,0
410,0,0,0,0,8,15,15,19,28,28,33,62,39,38,25,19,201,301,145,27,2,0,0
411,0,0,0,0,41,135,174,178,235,313,287,255,224,209,184,200,850,1867,1036,197,12,0,0
412,0,0,0,0,61,129,196,184,256,375,329,297,273,243,238,277,1277,2736,1536,275,31,1,0
413,0,0,0,0,56,192,249,257,317,460,424,428,350,330,278,323,1404,2857,1486,258,32,1,0
414,0,0,0,2,59,168,208,277,367,505,541,471,499,452,442,392,1700,4083,1833,296,28,1,0
415,0,0,0,7,90,210,254,339,424,606,591,513,469,375,349,356,1525,3746,1689,286,32,0,0
416,0,0,0,0,18,39,52,61,63,97,94,87,70,75,69,65,295,523,319,76,7,0,0
417,0,0,0,0,1,11,17,23,22,43,55,28,31,35,23,26,206,332,242,38,5,0,0
418,0,0,0,1,43,203,270,272,342,450,430,427,380,296,289,254,1692,3332,1252,171,17,0,0
419,0,0,0,3,57,266,334,411,554,659,630,593,424,402,332,325,2315,4107,1278,248,26,0,0
420,0,0,0,1,107,302,362,413,533,707,705,672,656,585,488,513,3013,3433,1144,216,25,2,0
421,0,0,0,1,117,322,449,480,738,993,913,808,735,672,625,708,4481,4318,1306,287,25,0,0
422,0,0,0,21,158,343,409,469,624,862,800,768,712,663,726,876,3505,3649,1280,273,33,0,0
423,0,0,0,22,40,50,62,77,105,144,124,104,92,76,103,150,642,899,261,53,7,0,0
424,0,0,0,1,16,59,53,59,97,149,128,176,170,93,62,52,457,577,180,26,3,0,0
425,0,0,0,0,93,327,462,584,920,1240,1127,1294,1548,1172,1052,1282,3831,3321,1094,219,28,1,0
426,0,0,0,0,126,430,542,705,1117,1730,1580,2232,3153,1921,1678,2513,4883,3308,1044,232,25,0,0
427,0,0,0,3,129,468,591,778,1256,1915,1821,2028,2535,1802,2147,3802,6822,3271,1258,299,28,0,0
428,0,0,0,2,103,378,472,662,1124,1668,1652,1856,2497,1992,2354,4998,8607,3398,1203,283,23,0,0
429,0,0,0,3,146,403,494,670,1056,1573,1443,1797,1945,1391,2068,5048,7142,2423,985,231,28,0,0
430,0,0,0,1,75,178,220,276,468,605,652,923,1054,665,1257,2330,2510,619,277,49,5,0,0
431,0,0,0,0,66,204,205,297,475,712,729,840,791,644,1353,2221,2208,601,157,38,3,0,0
432,0,0,0,2,116,361,494,648,1019,1423,1577,1664,2024,1332,2419,6688,7167,1914,726,146,13,0,0
433,0,0,0,17,206,410,597,727,1198,1885,2141,2129,2229,1474,2907,8227,8977,2137,903,176,22,0,0
434,0,0,0,3,230,516,628,814,1204,1603,1522,1835,2119,1379,3653,11643,10361,2529,1031,217,27,3,0
435,0,0,0,5,260,596,737,969,1352,1959,1796,1881,2213,1407,4129,13305,10426,2485,1011,277,27,1,0
436,0,0,0,4,208,635,619,744,1279,1977,1671,1681,1690,1235,4586,12082,7848,1568,724,176,20,1,0
437,0,0,0,4,112,210,181,284,463,900,756,889,760,426,1807,5915,3569,578,195,43,5,0,0
438,0,0,0,3,118,158,143,175,383,565,523,500,517,245,1135,4400,2654,425,144,28,1,0,0
439,0,0,0,2,246,394,464,523,909,1230,1173,1098,1107,881,3626,10592,4653,933,431,109,16,0,0
440,0,0,0,2,221,497,640,827,1227,2010,1848,1988,1749,1315,4603,13859,5944,1382,606,144,16,0,0
441,0,0,0,2,238,470,582,660,1015,1563,1514,1817,1505,1156,5876,12966,6082,1306,567,128,15,0,0
442,0,0,0,3,199,431,527,656,984,1496,1528,1771,1427,1151,5901,13472,6319,1316,659,146,13,0,0
443,0,0,0,2,316,486,528,764,1259,1595,1639,1810,1723,1352,5135,10801,5145,1238,570,123,14,0,0
444,0,0,0,12,153,228,237,323,456,586,819,1013,506,396,1974,5844,2060,385,160,30,1,0,0
445,0,0,0,0,56,126,162,146,190,302,340,372,221,144,1014,2979,1112,200,69,18,2,0,0
446,0,0,0,0,133,288,364,368,656,1123,1174,1120,1027,871,4155,8439,3611,835,322,77,9,0,0
447,0,0,0,3,154,361,458,516,712,1160,1167,1206,1111,1010,4705,8848,3826,910,396,98,9,0,0
448,0,0,0,2,187,395,491,568,796,1161,1137,1084,1031,1170,4753,8954,3728,941,400,89,6,0,0
449,0,0,0,1,199,398,506,590,822,1277,1100,1005,952,1185,4155,8719,3840,1006,477,103,15,0,0
450,0,0,0,26,246,453,568,756,1104,1550,1318,1260,1147,1408,3384,7198,3078,802,410,98,9,1,0
451,0,0,0,1,73,110,166,182,294,312,276,363,317,311,1125,3365,1252,197,102,16,2,0,0
452,0,0,0,0,46,85,121,140,262,359,312,325,297,311,993,1598,525,108,50,12,3,0,1
453,0,0,0,4,132,221,304,399,577,955,875,834,935,1305,3402,5556,2576,711,290,59,12,0,0
454,0,0,0,2,154,320,420,507,703,1385,1285,1207,1170,1595,4228,6897,3287,976,452,121,9,1,0
455,0,0,0,3,166,362,418,524,785,1016,1137,1123,1150,1624,4078,6265,3045,940,418,103,9,0,0
456,0,0,0,1,193,379,536,640,931,1203,1181,1281,1229,1720,4606,7414,2916,880,473,107,9,0,0
457,0,0,0,7,80,163,159,195,271,342,315,438,330,408,1032,1902,931,288,103,30,2,0,0
458,0,0,0,1,48,85,104,130,160,224,181,209,163,220,521,1114,325,115,51,8,1,0,0
459,0,0,0,1,36,38,47,52,77,107,159,153,113,116,441,905,212,54,29,6,0,0,0
460,0,0,0,1,36,46,60,73,61,76,150,134,103,137,392,848,232,62,26,4,0,0,0
461,0,0,0,3,102,167,241,304,382,637,718,829,789,1107,2818,5297,1901,581,263,66,4,0,0
462,0,0,0,3,171,257,337,471,631,1014,1169,1187,1061,1697,4211,7104,2819,847,402,108,12,0,0
463,0,0,0,5,226,507,600,825,1134,1567,1524,1567,1790,2857,7873,11775,4492,1247,631,162,24,1,0
464,0,0,0,5,294,612,891,1087,1347,2045,1978,1895,1941,2969,8174,10918,3770,1055,493,106,12,2,0
465,0,0,0,4,101,201,259,498,831,1125,727,828,836,1111,3418,4094,1068,293,139,33,5,0,0
466,0,0,0,4,76,164,145,243,332,648,375,385,443,615,2182,3290,626,159,81,21,2,0,0
467,0,0,0,13,197,409,498,709,1078,1637,1568,1648,2010,3454,10073,10841,2939,820,325,93,4,0,0
468,0,0,0,3,218,350,505,683,1070,1726,1648,1684,1901,3406,9516,9586,2757,730,403,97,12,0,0
469,0,0,0,2,203,369,537,705,1031,1731,1719,1693,1882,4229,11920,9262,2542,659,316,77,8,0,0
470,0,0,0,17,285,607,789,1025,1538,2216,2019,2247,2540,6297,15097,9305,2539,771,400,99,12,1,0
471,0,0,0,19,308,627,870,1301,2082,3126,2752,2572,2771,5800,12452,6987,2152,553,256,57,10,0,0
472,0,0,0,12,123,318,363,596,899,1227,1091,1092,1129,1856,5489,1859,488,119,52,12,0,0,0
473,0,0,0,2,89,312,406,441,793,876,757,720,720,1172,4098,1997,443,103,53,20,1,0,0
474,0,0,0,24,310,641,831,1113,1763,2345,2357,2336,2338,7371,15505,4948,1425,403,204,42,5,0,0
475,0,0,0,9,240,569,692,1034,1522,2161,2013,2185,2361,7943,14827,4647,1542,528,217,55,8,0,0
476,0,0,0,19,293,535,738,1086,1510,2096,2157,2295,2606,10454,17294,4280,1567,480,246,77,7,0,0
477,0,0,0,27,352,643,866,1068,1634,2358,2264,2582,2854,11058,21280,4776,1754,568,319,96,12,1,0
478,0,0,0,32,425,880,1189,1611,2241,2890,2817,2881,3104,10216,15619,3859,1475,477,232,49,3,1,0
479,0,0,0,22,170,324,441,452,552,993,833,758,1058,5070,5359,1255,425,105,47,14,3,0,0
480,0,0,0,15,82,191,313,359,425,654,631,473,1387,4259,4647,850,293,81,30,9,5,0,0
481,0,0,0,27,260,532,701,899,1213,1544,1580,1619,4161,16456,15333,3427,1253,379,163,45,10,0,0
482,0,0,0,25,246,421,607,768,1015,1378,1418,1536,5267,18284,12452,3602,1281,417,210,60,3,0,0
483,0,0,0,25,294,480,707,908,1218,1723,1782,2120,6747,23351,13446,3852,1404,413,226,52,8,0,0
484,0,0,0,21,267,507,702,920,1453,1989,1862,3569,10888,25299,11989,3892,1416,497,258,85,7,1,0
485,0,0,0,25,408,714,934,1209,1738,2503,2413,4739,12267,21006,9581,3016,1177,371,172,23,2,0,0
486,0,0,0,4,120,174,274,331,490,723,584,2379,4734,5987,2324,822,322,86,42,7,0,0,0
487,0,0,0,16,116,198,225,317,424,585,568,2341,4452,5884,2690,704,289,91,41,9,1,0,0
488,0,0,0,32,294,490,711,997,1408,2055,2145,8982,18830,18927,7998,2733,1082,396,158,27,3,0,0
489,0,0,0,19,312,542,816,1050,1626,2330,2425,10190,17943,16173,8040,3118,1293,431,227,30,0,0,0
490,0,0,0,51,362,634,957,1261,1702,2469,3030,11727,20803,16659,8119,3319,1394,464,196,55,6,0,0
491,0,0,0,22,399,699,1108,1417,2074,3158,6059,15885,20174,15489,8003,3466,1501,608,303,70,10,0,0
492,0,0,0,41,544,858,1327,1724,2306,3371,6958,16899,19734,13069,6044,2684,1120,436,191,40,3,0,0
493,0,0,0,18,173,379,544,687,930,1252,4087,7621,6164,3843,2392,898,380,101,60,15,0,0,0
494,0,0,0,13,133,281,449,506,647,893,3156,6938,5028,3298,1792,734,242,85,41,5,0,0,0
495,0,0,0,29,332,674,1054,1402,1833,2589,12382,19787,12728,10295,5601,2446,1023,390,190,43,3,0,0
496,0,0,0,27,426,676,1101,1455,1935,3624,12632,20639,12265,10350,6259,2722,1272,466,238,59,5,0,0
497,0,0,1,19,408,752,1071,1272,1732,6569,18184,20121,10780,8925,5861,2454,1121,426,208,50,4,0,0
498,0,0,1,64,436,884,1134,1330,1978,10717,23074,16799,9617,8345,5494,2395,1135,420,189,44,4,0,0
499,0,0,1,36,431,789,1094,1361,1809,10974,22361,17662,9843,6527,3620,1718,815,332,151,38,2,0,0
500,0,0,0,25,206,528,499,554,691,5211,9854,5878,3348,2444,1579,707,297,100,53,5,1,0,0
501,0,0,0,13,157,254,383,423,529,3931,8671,4820,2632,1825,1284,532,242,79,37,3,0,0,0
502,0,0,0,41,354,551,866,964,1937,16412,24170,10204,5968,5186,3359,1505,656,256,98,20,3,0,0
503,0,0,1,54,358,706,891,1051,3579,16808,20953,9737,5941,5305,3623,1797,739,283,137,30,4,0,0
504,0,0,1,39,428,627,909,1109,5350,23814,18796,8853,5501,5231,3579,1822,848,369,190,37,5,0,0
505,0,0,1,60,465,780,932,1116,7558,23942,15886,8077,5151,4956,3333,1789,867,362,178,38,9,1,0
506,0,0,0,42,513,752,990,1197,6641,22177,15667,7720,4746,3814,2388,1246,570,266,115,25,3,0,0
507,0,0,0,24,210,280,413,438,3995,11596,6364,3100,2291,1822,1044,562,216,76,45,9,1,0,0
508,0,0,0,14,133,254,298,329,2305,7890,4794,2356,1505,1224,733,356,162,71,24,8,2,0,0
509,0,0,0,21,311,535,741,1190,8259,15317,7650,3812,2859,2823,1928,989,468,192,102,31,2,0,0
510,0,0,0,31,349,562,730,2639,9322,16429,7175,4209,3095,2990,2214,1205,593,242,112,32,1,0,0
511,0,0,1,18,540,780,1126,4282,13962,19425,9138,5451,4011,3709,2819,1419,705,245,122,38,5,0,0
512,0,0,0,31,498,695,1518,5603,12457,16394,7495,4755,3588,3457,2555,1362,637,242,138,25,2,0,0
513,0,0,0,117,682,748,2024,6012,13017,16761,7920,4777,3379,2647,1841,1015,531,200,85,29,4,0,0
514,0,0,0,22,234,324,1318,3051,7861,7359,3780,1906,1170,1006,681,339,145,52,32,8,0,0,0
515,0,0,0,9,126,198,763,1676,6263,6575,2984,1452,900,655,446,213,97,55,15,1,1,0,0
516,0,0,0,36,397,683,2815,8263,14537,12804,5357,3097,2332,2301,1604,875,401,168,75,11,0,0,0
517,0,0,0,43,530,903,3565,9409,14831,12212,5203,3364,2593,2686,1942,1050,474,200,103,24,4,0,0
518,0,0,0,92,683,926,3902,11357,16289,11102,5328,3542,2784,2825,2056,1213,523,236,114,30,4,1,0
519,0,0,0,57,686,988,4042,11771,14127,8790,4940,3280,2684,2643,2047,1233,584,249,124,36,3,0,0
520,0,0,3,347,1639,1862,5399,12109,14193,10617,5409,3535,2687,2113,1470,974,496,178,109,18,1,0,0
521,0,0,0,215,1142,1402,3630,8692,6857,5090,2427,1522,1090,909,604,379,173,52,32,2,1,0,0
522,0,0,0,311,1450,1493,3274,8366,4547,3179,1510,895,633,522,406,235,95,38,13,5,0,0,0
523,0,0,0,546,2933,3454,8119,14569,12153,7287,4078,2873,2177,2238,1614,951,422,203,89,22,2,1,0
524,0,0,0,899,4492,4554,9381,12796,9564,6982,3988,2867,2465,2300,1738,1057,573,219,124,36,1,0,0
525,0,0,0,954,4944,4672,10109,10342,8120,6053,3512,2685,2125,2159,1681,1037,516,223,106,25,2,0,0
526,0,0,0,962,4919,5007,10329,8262,7109,5086,2932,2254,1979,1896,1433,930,457,202,117,28,2,0,0
527,0,0,0,1003,4528,4382,9164,9257,7370,5422,3110,2307,1772,1442,1063,713,356,152,86,26,1,0,0
528,0,0,0,724,2533,3605,5847,5960,4530,3311,1710,1224,881,718,496,281,139,59,30,12,0,0,0
529,0,0,0,352,1933,3367,5962,4638,3129,1836,949,619,439,357,243,129,58,18,9,2,0,0,0
530,0,0,2,907,4575,5388,8223,6959,5259,3543,1934,1507,1305,1271,1010,669,341,129,59,22,5,0,0
531,0,0,0,1163,6020,6113,7597,5995,5102,3622,2055,1680,1461,1520,1075,716,352,144,62,17,0,1,0
532,0,0,0,1094,5810,6141,8543,5327,4156,3264,1977,1523,1321,1307,1034,705,404,136,67,21,4,0,0
533,0,0,0,918,5908,6990,6328,4343,4017,2926,1885,1477,1231,1257,988,627,326,140,78,19,3,0,0
534,0,0,0,1444,5985,7877,6618,4799,4287,3532,2221,1646,1241,1065,844,470,268,107,43,9,1,0,0
535,0,0,0,701,3965,4623,3411,2596,1984,1508,884,649,498,405,285,163,78,37,17,1,0,0,0
536,0,0,1,746,3633,4041,3103,1716,1326,953,559,377,306,283,168,111,61,23,11,3,0,0,0
537,0,0,1,1209,5787,5996,5291,3634,2876,2144,1302,1068,887,872,680,433,236,78,34,13,2,0,0
538,0,0,2,1723,6693,5322,4482,3698,2708,2124,1427,1115,1055,960,775,505,243,108,54,9,3,0,0
539,0,0,0,1429,6128,4761,4622,3687,2589,2090,1474,1131,1038,969,837,497,309,108,54,14,2,0,0
540,0,0,0,1467,5642,4574,4352,3326,2344,1972,1517,1104,955,935,756,516,244,97,69,22,2,0,0
541,0,0,0,1741,5569,4341,4363,3708,2792,2432,1730,1269,1026,776,583,419,217,100,41,15,0,0,0
542,0,0,1,1135,3737,2669,2237,1543,1215,1027,678,542,404,288,195,128,59,30,14,2,0,0,0
543,0,0,1,873,3030,2462,2528,1447,1117,793,524,386,274,236,151,94,41,12,7,0,0,0,0
544,0,0,0,1652,6181,4691,4385,2656,1970,1812,1279,951,771,769,632,375,194,81,47,2,1,0,0
545,0,0,3,1448,6371,4524,3962,2732,2105,1971,1422,1100,997,991,796,476,252,91,48,14,2,0,0
546,0,0,1,2055,5776,3854,3762,2601,1956,1873,1331,1057,930,871,689,414,209,87,52,17,0,0,0
547,0,0,28,2584,4309,3055,2932,2126,1764,1564,1243,1019,904,901,735,466,239,98,46,19,4,0,0
548,0,0,136,3303,3945,3283,3112,2534,2003,2013,1721,1350,1100,857,679,421,204,69,40,12,1,0,0
549,0,0,11,896,1337,996,830,581,549,593,411,276,252,146,104,94,43,9,1,1,0,0,0
550,0,0,7,736,1588,1182,819,894,602,555,335,267,214,179,127,50,30,12,2,1,0,0,0
551,0,0,4,767,1739,999,921,673,568,509,317,274,213,196,148,81,29,7,5,1,0,0,0
552,0,0,3,426,1114,931,800,612,370,364,249,188,143,129,102,54,18,6,3,1,0,0,0
553,0,0,171,3706,4017,2977,2614,2212,2155,2062,1373,1176,967,913,734,459,198,73,33,7,1,0,0
554,0,0,164,4034,3528,2751,3088,2509,2141,1951,1455,1231,1104,955,897,474,229,88,38,7,2,0,0
555,0,0,257,4576,3353,2843,3434,2648,2422,2179,1757,1316,1071,818,618,376,177,79,35,11,1,0,0
556,0,0,9,727,1415,1396,1326,1012,768,816,601,424,315,226,180,115,53,9,7,6,0,0,0
557,0,0,37,1275,1181,1135,1272,892,666,602,479,320,224,210,143,80,29,13,10,0,0,0,0
558,0,0,132,4104,3974,3301,3317,2646,2122,1984,1436,1183,990,908,725,436,203,80,29,9,0,0,0
559,0,0,314,4749,3261,2529,2737,2457,1972,1983,1488,1201,1005,959,728,499,217,85,42,12,1,0,0
560,0,0,231,4539,3030,2476,2703,2458,2085,1962,1479,1218,1083,998,756,492,228,82,37,10,1,1,0
561,0,0,459,5632,3141,2587,2885,2564,2277,2291,1779,1450,1281,1098,849,536,233,91,52,7,4,0,0
562,0,0,318,4964,2905,2597,2833,2676,2346,2485,1906,1505,1249,906,610,394,200,59,28,4,1,0,0
563,0,0,69,1031,1179,1264,973,837,754,799,546,467,324,227,165,108,53,22,3,0,0,0,0
564,0,0,58,1167,1256,1137,965,831,701,721,473,377,265,206,172,72,35,18,5,0,0,0,0
565,0,0,296,4538,3008,2166,2326,2158,1737,1744,1346,1100,902,803,638,347,183,65,25,4,0,0,0
566,0,0,295,4194,2382,1858,2169,1868,1624,1661,1270,1076,863,807,639,436,179,83,34,11,0,0,0
567,0,0,488,4716,2680,2018,2241,1924,1690,1750,1371,1244,999,854,694,448,237,82,42,10,1,0,0
568,0,0,510,5747,2332,1744,1989,1678,1503,1564,1267,1073,831,773,612,414,202,90,58,9,0,0,0
569,0,0,412,4186,2364,2054,2306,2006,1870,2039,1636,1307,1030,735,597,413,171,86,50,5,1,0,0
570,0,0,168,1425,896,719,721,617,583,604,487,382,307,190,128,82,52,9,11,0,0,0,0
571,0,0,91,1375,890,689,685,568,493,565,420,286,239,154,107,57,32,13,5,1,0,0,0
572,0,0,520,4979,3043,2235,2237,1907,1651,1759,1295,1053,843,727,588,431,189,88,32,8,0,0,0
573,0,0,490,4672,2643,1974,2124,1907,1656,1750,1390,1064,850,854,643,395,206,98,47,10,2,0,1
574,0,0,559,4687,2419,1791,1915,1667,1473,1537,1229,1055,856,777,607,411,198,85,47,7,1,0,0
575,0,0,681,5614,2160,1759,1839,1527,1466,1498,1186,972,770,610,535,375,203,107,48,10,2,0,0
576,0,0,545,4823,2483,2041,2268,1914,1756,1980,1511,1245,926,685,527,349,160,63,40,8,1,0,0
577,0,0,178,1457,1079,951,1034,881,730,740,575,444,308,237,161,105,68,23,12,1,0,0,0
578,0,0,253,1726,729,579,666,558,475,503,407,314,185,156,103,68,28,9,3,1,0,0,0
579,0,0,444,4158,2297,1749,1817,1512,1387,1356,1041,755,662,562,412,279,151,70,26,6,0,0,0
580,0,0,487,4042,1968,1472,1590,1300,1293,1257,1069,785,681,635,513,331,172,67,25,9,0,0,0
581,0,0,409,3256,1753,1429,1498,1306,1197,1265,970,727,681,542,466,348,181,67,55,8,3,0,0
582,0,0,497,3849,1718,1246,1322,1213,1117,1210,937,803,661,548,425,267,148,77,34,6,1,0,0
583,0,0,358,3055,1655,1487,1747,1436,1435,1479,1126,894,735,529,412,272,148,51,28,8,0,0,0
584,0,0,164,1191,611,474,520,457,434,498,390,299,219,155,95,74,31,15,4,2,0,0,0
585,0,0,143,1006,574,462,427,349,316,332,267,179,121,92,51,46,20,8,5,1,0,0,0
586,0,0,444,3099,1451,988,1125,958,863,863,701,614,444,410,298,216,124,36,20,6,0,0,0
587,0,0,322,2566,1384,950,1100,913,866,896,708,563,440,389,331,239,126,58,35,8,0,0,0
588,0,0,405,2909,1115,871,972,871,784,783,605,491,436,394,312,233,141,52,25,13,0,0,0
589,0,0,357,2568,1066,910,1002,926,778,919,684,606,467,389,318,247,116,54,35,7,0,0,0
590,0,0,272,1975,1072,973,1032,958,837,898,740,611,444,339,270,152,94,53,25,8,0,0,0
591,0,0,45,376,400,326,408,340,307,339,264,185,141,86,60,44,18,10,4,0,0,0,0
592,0,0,94,601,279,254,274,237,226,203,145,108,67,40,36,26,12,3,2,0,0,0,0
593,0,0,233,1802,1290,925,1029,828,734,715,593,437,387,301,232,172,94,30,15,4,1,0,0
594,0,0,226,1868,1096,797,887,789,722,773,611,467,413,316,292,182,110,44,21,10,0,1,0
595,0,0,208,1688,1105,769,795,748,730,732,620,523,427,385,300,203,103,44,29,5,1,0,0
596,0,0,285,2024,931,767,814,730,720,824,614,525,430,355,300,179,109,55,28,12,1,0,0
597,0,0,266,1970,1102,955,1101,1052,925,979,826,697,496,364,305,208,101,41,23,6,0,0,0
598,0,0,58,411,283,263,266,271,234,249,200,176,130,70,60,36,20,8,3,0,0,0,0
599,0,0,57,392,287,208,267,227,183,203,172,142,77,73,45,17,6,0,4,0,0,0,0
600,0,0,240,1800,1336,984,1007,888,754,872,686,528,436,386,283,181,110,41,18,4,1,0,0
601,0,0,354,2119,1052,796,836,791,671,720,627,450,442,351,326,190,99,39,25,9,0,0,0
602,0,0,274,1833,969,723,773,692,602,642,551,495,349,320,299,189,96,53,20,12,1,0,0
603,0,0,280,1852,915,607,683,690,622,649,501,421,402,321,245,129,88,37,23,6,2,0,0
604,0,0,309,1974,972,827,957,847,852,939,720,605,432,330,248,167,92,51,19,8,1,0,0
605,0,0,72,439,297,263,279,278,245,265,194,143,86,71,56,34,23,6,0,1,0,0,0
606,0,0,103,550,297,221,226,219,213,185,141,84,76,47,26,19,8,3,2,1,0,0,0
607,0,0,340,1854,962,658,726,659,649,672,522,404,326,293,218,146,62,31,17,6,2,0,0
608,0,0,352,1763,846,511,618,574,542,571,449,393,280,278,224,163,84,34,12,4,1,0,0
609,0,0,230,1098,665,459,507,528,420,479,347,290,270,221,182,142,71,27,21,4,0,0,0
610,0,0,200,1078,738,492,583,568,595,603,470,362,346,257,240,163,92,41,28,7,1,0,0
611,0,0,353,1838,985,780,866,810,796,847,638,487,386,305,206,152,83,24,21,2,0,0,0
612,0,0,44,297,243,205,231,198,182,193,139,111,83,63,44,30,13,7,6,0,0,0,0
613,0,0,56,356,272,198,214,192,185,167,130,108,64,54,28,26,4,2,1,2,0,0,0
614,0,0,199,1052,795,557,586,504,453,502,390,307,248,231,193,133,58,35,11,5,1,0,0
615,0,0,84,498,466,360,396,360,398,383,326,266,255,219,152,111,86,31,11,4,1,0,0
616,0,0,144,817,628,468,537,491,454,464,374,338,265,235,205,128,80,39,19,6,1,1,0
617,0,0,208,1126,604,479,607,543,524,565,453,346,326,325,253,165,100,48,31,5,1,0,0
618,0,0,244,1268,719,623,728,697,613,688,528,420,377,306,217,162,78,35,16,4,0,0,0
619,0,0,49,184,223,180,216,178,178,171,149,110,78,54,58,41,13,3,4,0,0,0,0
620,0,0,20,106,132,110,129,121,115,104,84,61,51,42,19,19,7,1,4,1,0,0,0
621,0,0,136,711,575,470,539,494,440,466,367,295,260,228,229,141,60,32,15,2,0,0,0
622,0,0,153,694,559,421,523,474,409,455,358,293,255,278,214,170,89,46,29,2,2,0,0
623,0,0,173,767,500,408,481,426,405,415,347,305,266,249,203,125,83,45,26,5,3,0,0
624,0,0,149,646,485,440,504,466,416,450,349,353,270,286,252,159,83,49,16,5,1,0,0
625,0,0,167,806,646,580,649,633,603,613,477,346,326,241,178,137,95,44,30,8,2,0,0
626,0,0,50,203,215,191,185,174,144,150,148,93,60,51,36,31,7,5,1,0,0,0,0
627,0,0,24,119,118,113,120,87,106,75,71,42,20,25,18,8,5,3,1,1,0,0,0
628,0,0,97,458,402,356,442,374,329,325,252,252,185,192,158,105,70,30,13,1,0,0,0
629,0,0,103,482,409,374,471,413,364,353,280,213,194,202,181,114,71,20,11,3,0,0,0
630,0,0,127,578,375,325,417,383,355,355,272,242,195,210,155,126,58,17,14,6,0,0,0
631,0,0,110,485,513,399,464,464,420,445,351,290,242,253,196,171,103,44,24,7,1,0,0
632,0,0,175,723,550,463,557,566,489,539,413,333,275,237,179,131,73,34,18,7,2,0,1
633,0,0,37,146,169,181,172,148,139,146,120,80,58,48,30,18,12,4,2,1,0,0,0
634,0,0,13,87,97,85,97,69,72,64,66,43,28,16,7,3,3,3,0,0,0,0,0
635,0,0,112,412,397,358,452,377,346,345,273,205,176,154,110,101,53,23,7,0,0,0,0
636,0,0,6,29,33,61,63,43,32,45,28,19,9,16,4,2,1,1,0,0,0,0,0
637,0,0,142,428,363,366,399,338,325,330,240,206,180,162,150,77,44,18,15,4,1,0,0
638,0,0,162,581,355,369,433,430,373,363,322,275,224,214,180,126,60,33,21,10,0,0,0
639,0,0,166,613,426,339,397,444,370,418,323,228,175,141,134,86,37,16,19,5,0,0,0
640,0,0,23,93,140,125,128,127,101,87,80,54,52,21,17,17,3,5,0,2,0,0,0
641,0,0,15,67,71,92,93,86,59,63,65,37,24,26,10,9,8,3,0,0,0,0,0
642,0,0,95,346,264,287,347,313,268,265,226,172,134,126,123,66,37,16,7,2,0,0,0
643,0,0,97,331,252,260,372,322,281,291,233,200,166,133,103,65,44,16,9,6,0,0,0
644,0,0,123,417,284,303,341,342,332,301,234,179,187,163,119,108,51,33,15,3,0,0,0
645,0,0,60,276,291,277,321,359,287,330,246,200,162,178,135,88,48,21,15,1,0,0,0
646,0,0,151,611,410,418,523,506,417,454,351,255,200,177,141,85,53,36,19,5,0,0,0
647,0,0,21,121,127,130,180,145,110,127,108,62,57,24,16,13,7,2,0,0,0,0,0
648,0,0,35,151,102,99,108,114,94,82,69,36,25,16,11,11,4,0,1,0,0,0,0
649,0,0,102,362,242,237,318,298,286,212,196,153,158,118,91,82,35,27,15,2,1,0,0
650,0,0,112,393,245,249,331,305,236,250,191,157,127,121,87,65,45,22,14,7,0,0,0
651,0,0,128,467,337,289,372,310,295,344,267,172,157,130,116,77,41,22,20,6,1,0,0
652,0,0,94,421,295,298,406,343,309,330,308,244,160,177,114,88,54,25,13,4,2,0,0
653,0,0,192,641,510,434,541,535,465,529,435,275,222,163,147,75,55,26,6,1,0,0,0
654,0,0,47,130,129,152,185,168,149,143,105,74,62,38,20,14,3,3,1,0,0,0,0
655,0,0,38,132,142,155,143,135,138,120,118,90,55,28,15,11,7,3,3,0,0,0,0
656,0,0,79,395,327,364,447,432,380,428,298,257,223,194,137,102,39,19,9,3,0,0,0
657,0,0,131,456,302,264,356,352,306,359,261,224,162,155,102,89,45,23,8,3,0,0,0
658,0,0,154,574,411,436,473,470,476,474,352,257,245,224,145,111,61,21,17,6,0,0,0
659,0,0,232,797,607,607,785,768,779,774,644,523,365,348,235,148,103,36,21,7,0,0,0
660,0,0,369,1203,916,786,1058,1093,1024,1097,892,660,499,343,241,163,80,31,23,6,0,0,0
661,0,0,60,264,387,404,467,413,395,417,307,249,140,77,58,33,11,3,2,0,1,0,0
662,0,0,39,177,279,298,337,306,278,332,235,174,102,54,38,27,7,7,2,1,0,0,0
663,0,0,260,968,975,938,1126,1013,1034,1152,856,665,468,380,326,183,105,35,20,11,0,0,0
664,0,0,289,1107,1095,1059,1175,1268,1220,1346,984,796,583,406,322,191,104,33,27,10,0,0,0
665,0,0,348,1389,1293,1322,1481,1466,1448,1601,1263,944,681,468,381,275,134,64,30,10,2,0,0
666,0,0,54,265,337,354,377,369,348,375,316,221,173,127,66,37,21,5,5,1,0,0,0
667,0,0,340,1447,1427,1344,1593,1495,1396,1557,1242,905,670,406,259,201,92,34,14,5,1,0,0
668,0,0,37,248,470,494,576,517,521,578,394,295,165,103,70,48,19,7,1,1,0,0,0
669,0,0,58,249,399,419,450,449,408,426,329,238,147,87,55,37,14,7,3,1,0,0,0
670,0,0,234,1145,1519,1409,1734,1608,1497,1598,1258,952,722,566,436,283,147,64,28,9,2,0,0
671,0,0,287,1216,1507,1413,1735,1626,1472,1587,1229,973,787,577,499,274,131,80,37,8,0,0,0
672,0,0,304,1458,1660,1547,1947,1832,1597,1712,1426,1059,766,670,512,362,194,84,47,16,2,0,0
673,0,0,313,1431,1785,1681,2060,1951,1805,1858,1472,1126,917,655,536,358,231,85,50,16,6,0,0
674,0,0,560,2306,2109,2049,2480,2448,2262,2459,1796,1406,1022,702,517,346,189,90,30,14,0,0,0
675,0,0,70,472,749,772,920,732,624,722,494,365,253,134,93,69,30,12,4,2,0,0,0
676,0,0,65,328,495,547,566,419,378,417,305,198,121,74,59,31,17,5,4,2,0,0,0
677,0,0,287,1376,1631,1611,1946,1736,1537,1658,1180,908,676,611,464,345,166,86,30,15,0,1,0
678,0,0,285,1319,1416,1376,1770,1584,1331,1422,1143,865,658,613,398,342,170,69,38,13,1,0,0
679,0,0,414,1773,1505,1505,1749,1565,1421,1399,1118,861,687,576,475,350,171,108,42,25,2,0,0
680,0,0,339,1543,1469,1423,1788,1624,1428,1480,1096,887,672,555,456,355,184,106,47,16,2,0,0
681,0,0,530,2173,1905,1866,2229,2089,1951,1963,1517,1082,804,582,473,330,155,90,41,11,1,0,0
682,0,0,97,528,597,607,737,636,530,561,378,266,177,93,78,56,28,16,5,3,0,0,0
683,0,0,65,371,441,471,502,458,413,419,266,183,111,83,51,46,16,7,1,2,0,0,0
684,0,0,389,1702,1588,1437,1759,1598,1370,1339,1054,738,550,488,440,312,189,80,43,14,1,0,0
685,0,0,448,2060,1719,1610,2079,1718,1569,1589,1269,911,704,608,471,344,221,120,61,14,2,0,0
686,0,0,65,384,564,523,577,487,409,356,251,206,127,100,88,60,29,17,12,0,0,0,0
687,0,0,459,2093,2129,1884,2203,1953,1798,1715,1311,1002,734,643,622,380,250,127,81,22,3,1,0
688,0,0,658,2800,2532,2449,2905,2620,2273,2292,1774,1304,970,670,543,382,218,111,80,19,4,0,0
689,0,0,98,662,1046,1025,1156,1034,861,875,648,435,269,188,123,81,31,30,10,1,0,0,0
690,0,0,91,530,919,866,898,785,695,653,463,312,196,148,88,54,43,12,6,0,0,0,0
691,0,2,405,1907,2153,1975,2200,1992,1710,1614,1216,928,689,571,492,316,163,91,50,19,4,0,0
692,0,0,443,2038,2066,1910,2251,2064,1693,1647,1254,994,727,648,496,371,222,133,55,18,1,0,0
693,0,0,453,1979,1948,1882,2289,2030,1712,1693,1294,1002,751,647,519,377,214,124,57,22,2,0,0
694,0,0,471,2026,1705,1785,2245,1990,1783,1687,1367,1037,819,749,567,429,239,108,87,26,3,0,0
695,0,2,576,2413,1960,2086,2530,2355,2065,2096,1519,1188,887,671,496,380,207,116,79,13,0,1,0
696,0,0,132,642,752,862,1042,912,695,726,552,394,253,187,121,96,56,26,10,2,0,0,0
697,0,0,139,421,286,348,447,406,315,294,223,162,95,73,51,27,24,10,3,1,0,0,0
698,0,0,473,1800,1349,1371,1755,1546,1381,1266,1034,754,668,596,510,319,197,103,62,11,1,0,0
699,0,0,370,1466,1112,1171,1543,1428,1183,1128,883,697,589,521,417,322,202,101,46,19,1,1,0
700,0,10,483,1731,1200,1189,1579,1422,1214,1163,878,658,632,598,489,363,214,103,86,16,1,0,0
701,0,1,365,1300,778,860,1142,1053,922,889,733,600,524,426,374,295,178,99,73,21,5,0,0
702,0,1,225,888,832,881,1137,1036,905,874,712,529,472,375,294,196,124,77,46,21,1,0,0
703,0,0,48,194,257,285,329,303,278,238,177,130,99,67,64,43,24,17,3,1,0,0,0
704,0,2,65,186,128,129,149,160,124,116,97,74,52,27,13,22,16,1,1,0,0,0,0
705,0,1,284,1042,610,684,920,826,730,666,532,453,364,333,251,201,120,66,42,15,1,0,0
706,0,0,267,911,609,633,894,736,676,627,468,425,366,393,311,251,156,76,57,16,4,0,0
707,0,1,285,986,682,718,944,834,669,622,503,412,364,315,333,245,162,96,57,12,2,0,0
708,0,0,247,873,518,575,789,695,587,588,472,391,295,314,253,227,128,96,51,13,0,0,0
709,0,3,244,847,528,613,824,687,628,597,412,377,304,240,204,174,102,65,40,14,5,0,0
710,0,0,28,180,187,172,208,187,162,157,104,77,54,49,37,17,15,12,4,2,0,0,0
711,0,0,91,219,123,135,168,159,102,97,73,48,20,23,18,10,13,4,3,2,0,0,0
712,0,2,222,737,580,531,774,656,503,517,375,282,262,294,232,172,96,66,46,5,2,0,0
713,0,2,222,727,516,521,660,631,520,466,362,333,283,286,246,177,124,58,45,16,0,0,0
714,0,22,375,803,439,479,679,630,457,428,338,310,252,299,221,189,131,83,43,15,1,0,0
715,0,105,655,884,493,548,725,579,490,501,354,329,291,266,265,187,110,78,45,13,3,0,0
716,0,329,1221,1023,569,587,812,687,606,512,413,337,334,275,234,180,115,56,41,11,1,0,0
717,0,196,669,306,146,207,262,201,143,134,80,68,37,53,42,23,18,17,7,2,1,0,0
718,0,206,741,191,79,92,104,81,84,56,40,19,25,9,13,10,10,7,6,1,0,0,0
719,0,317,1082,634,419,456,533,467,338,330,265,194,206,191,161,123,76,29,23,5,2,0,0
720,0,648,2068,585,334,377,430,374,326,348,214,217,152,172,138,118,71,48,29,9,1,1,0
721,0,323,1208,627,347,310,393,369,284,279,195,162,122,104,111,89,56,23,25,6,2,0,0
722,0,255,912,374,171,191,175,153,133,148,112,69,52,40,30,29,8,10,9,0,0,0,0
723,0,0,1,0,8,7,4,8,5,4,3,7,2,0,0,0,0,0,0,0,0,0,0
724,0,0,0,0,0,1,2,0,0,0,0,0,0,0,0,0,0,0,0,0,0,0,0
725,0,13,43,10,7,5,6,3,5,4,3,1,3,0,0,0,0,0,0,0,0,0,0
726,0,294,1035,547,251,236,289,250,199,199,146,101,84,64,57,51,29,17,9,1,0,0,0
727,0,602,1869,474,253,267,342,268,223,213,203,108,114,87,87,50,38,24,12,3,0,0,0
728,0,452,1499,434,187,235,324,262,173,176,138,103,82,76,51,38,22,17,7,2,0,0,0
729,0,558,1664,415,138,218,245,215,178,169,124,96,87,61,35,36,24,13,16,2,1,0,0
730,0,39,130,97,17,25,39,33,35,26,19,21,9,3,7,4,2,2,1,0,0,0,0
731,0,0,1,0,1,2,0,1,0,0,1,0,1,1,0,0,0,1,0,0,0,0,0
732,0,109,344,85,49,58,59,45,25,27,24,8,9,4,2,2,1,1,0,0,0,0,0
733,0,297,941,352,303,300,402,349,222,266,191,119,112,93,82,47,35,18,5,2,0,0,0
734,0,523,1605,371,264,311,394,353,247,234,167,132,124,111,96,70,37,21,13,11,1,0,0
735,0,527,1734,543,325,389,471,365,283,231,192,176,156,126,124,81,48,29,19,4,0,0,0
736,0,732,1968,580,363,373,478,421,332,301,194,173,161,130,135,108,63,38,30,6,3,1,0
737,0,657,1909,885,509,567,720,629,457,378,281,244,163,152,106,94,63,42,18,7,1,1,0
738,0,451,1067,131,104,121,183,118,79,77,45,29,20,18,14,7,9,3,2,2,0,0,0
739,0,96,341,115,65,89,101,76,69,40,32,17,11,10,10,3,5,1,2,0,0,0,0
740,0,383,1213,368,261,312,405,328,246,219,172,132,113,123,91,59,39,23,13,5,0,0,0
741,0,594,1641,451,305,346,352,310,257,250,176,163,131,142,114,91,63,24,22,9,0,0,0
742,0,592,1861,517,323,382,437,322,286,263,208,168,151,100,108,75,74,39,20,4,0,0,0
743,0,578,1829,506,332,381,424,347,315,269,212,140,139,115,86,80,68,41,24,6,1,0,0
744,0,531,1550,561,469,524,620,436,345,330,215,188,134,113,85,77,55,24,23,9,0,0,0
745,0,135,324,75,106,117,152,74,72,63,45,27,22,18,13,17,8,5,4,1,1,0,0
746,0,53,215,68,46,62,68,47,45,27,17,9,6,8,7,5,0,4,1,0,0,0,0
747,0,211,707,338,293,313,368,296,198,169,152,132,100,95,71,50,31,18,12,1,1,0,0
748,0,301,950,292,271,335,346,272,220,179,149,121,100,100,78,53,48,20,12,5,1,0,0
749,0,394,1295,303,233,263,311,259,202,176,163,100,80,83,77,49,37,23,14,4,0,0,0
750,0,297,961,280,225,247,308,232,216,153,125,130,97,93,74,61,55,24,12,3,0,0,0
751,0,292,865,367,278,385,421,319,214,205,161,122,113,70,64,55,30,22,16,3,0,0,0
752,0,74,211,35,71,81,78,78,44,40,23,12,14,11,4,3,3,0,1,0,0,0,0
753,0,37,112,82,65,48,77,45,30,22,13,6,9,8,3,3,4,0,0,1,0,0,0
754,0,124,405,190,177,213,258,195,135,147,106,76,53,61,43,37,22,23,9,0,0,0,0
755,0,213,628,170,167,199,217,142,118,92,76,77,58,57,46,41,38,9,6,1,0,0,0
756,0,200,662,193,153,182,235,178,118,100,76,65,63,54,38,31,18,10,8,1,1,0,0
757,0,189,588,237,166,150,212,175,105,107,76,74,72,51,35,39,30,16,8,0,0,0,0
758,0,200,633,300,224,262,324,219,174,131,98,93,79,49,43,34,25,13,9,1,0,0,0
759,0,64,167,47,46,57,69,43,36,17,10,17,13,7,6,1,3,0,0,0,0,0,0
760,0,16,45,33,18,20,24,21,14,12,9,8,3,1,3,1,0,0,0,0,0,0,0
761,0,83,295,183,146,144,154,124,93,72,50,41,45,37,26,22,9,7,8,2,0,0,0
762,1,157,432,151,100,109,114,112,92,75,53,42,42,29,27,21,18,8,6,1,0,0,0
763,0,132,428,140,121,132,149,91,69,58,54,33,38,33,22,21,22,12,11,1,0,0,0
764,0,122,361,119,95,118,111,92,53,48,56,39,30,39,22,30,15,11,12,2,1,0,0
765,0,124,352,149,152,154,164,120,93,77,49,39,38,24,32,13,13,13,5,0,0,0,0
766,0,9,18,20,20,25,22,25,10,9,6,3,5,5,2,0,0,0,0,0,0,0,0
767,0,9,20,7,11,10,6,9,9,3,1,4,0,2,2,0,0,0,0,0,0,0,0
768,0,60,187,79,56,58,71,36,23,26,23,18,16,14,14,12,7,5,2,0,0,0,0
769,0,81,192,71,53,42,64,55,42,46,27,26,27,20,15,14,10,4,6,1,0,0,0
770,0,81,269,75,47,52,60,55,30,24,16,29,20,22,12,7,6,11,2,3,0,0,0
771,0,68,217,76,50,57,58,61,46,46,33,26,19,15,12,8,9,4,4,2,0,0,0
772,0,89,234,86,76,70,101,59,55,57,33,24,15,11,13,13,10,6,4,1,0,0,0
773,0,9,16,10,12,11,15,10,7,7,6,2,0,1,3,2,0,1,1,1,0,0,0
774,0,1,5,5,3,3,7,3,6,3,1,1,1,0,1,0,0,0,0,0,0,0,0
775,0,35,102,53,40,45,35,31,25,25,20,10,14,8,5,3,3,3,1,0,0,0,0
776,0,63,154,29,38,40,48,40,30,33,9,24,9,15,8,6,2,5,3,0,0,0,0
777,0,75,197,41,45,44,41,28,17,23,26,13,7,13,6,7,5,5,3,0,0,0,0
778,0,63,174,67,30,45,44,28,27,22,20,9,18,14,9,8,4,8,4,1,1,0,0
779,0,56,188,61,43,50,50,40,26,21,28,22,13,14,7,4,5,5,2,1,0,0,0
780,0,2,15,9,9,12,12,4,4,4,5,3,1,0,0,0,0,0,0,0,0,0,0
781,0,4,3,6,6,7,4,5,2,0,2,2,1,0,0,0,0,0,0,0,0,0,0
782,0,34,94,32,20,28,44,27,18,25,9,9,9,5,2,4,3,3,0,0,0,0,0
783,0,38,132,37,20,29,31,30,13,20,11,5,9,7,8,4,2,3,1,1,0,0,0
784,0,49,151,33,25,36,39,31,10,25,12,5,8,11,7,7,3,2,1,0,0,0,0
785,0,35,115,48,21,27,30,26,20,24,18,10,6,11,6,3,1,1,3,2,0,0,0
786,0,40,157,65,31,55,57,34,28,35,25,12,15,6,4,4,6,4,2,0,1,0,0
787,0,7,11,1,3,8,9,11,3,1,2,2,2,0,0,0,0,0,0,0,0,0,0
788,0,1,7,8,4,0,3,2,3,2,0,0,0,1,0,0,0,0,0,0,0,0,0
789,0,28,56,16,15,22,26,15,14,12,14,6,5,5,2,3,2,3,3,0,0,0,0
790,0,28,67,28,14,20,27,23,20,21,10,13,12,5,7,2,3,2,1,0,0,0,0
791,0,32,132,30,13,19,29,31,17,19,18,6,6,3,11,3,1,1,1,0,0,0,0
792,0,32,82,22,18,24,28,31,23,12,12,10,13,9,7,9,2,2,0,1,0,0,0
793,0,31,136,43,33,56,74,59,50,31,29,17,15,18,20,6,4,7,1,1,0,0,0
794,0,4,15,3,6,7,12,12,6,3,6,2,2,0,0,0,1,0,0,1,0,0,0
795,0,0,1,2,3,0,1,3,1,2,0,0,0,0,0,0,0,0,0,0,0,0,0
796,0,18,49,23,24,37,43,32,21,14,13,20,16,7,8,7,1,2,1,1,0,0,0
797,0,15,32,18,28,22,34,37,33,26,26,17,15,15,9,3,3,2,1,0,0,0,0
798,0,23,64,25,29,37,45,27,21,29,25,17,15,10,13,4,2,1,1,0,0,0,0
799,0,16,56,32,27,41,52,41,28,32,22,18,17,7,3,12,6,3,0,1,0,0,0
800,0,23,98,55,63,55,97,65,64,55,46,38,25,25,19,12,5,1,2,1,0,0,0
801,0,4,7,4,3,7,14,13,7,5,3,2,1,1,0,1,1,0,0,0,0,0,0
802,0,0,3,1,0,1,0,5,0,1,0,2,0,0,0,0,1,0,0,0,0,0,0
803,0,6,36,24,13,26,31,26,18,20,12,14,11,11,9,4,3,3,0,0,0,0,0
804,0,11,52,21,24,22,34,25,18,22,15,16,9,5,5,3,2,1,1,0,0,0,0
805,0,24,74,31,15,19,27,31,25,16,11,12,5,7,8,7,5,3,0,0,0,0,0
806,0,16,45,29,28,26,23,28,14,16,14,12,11,7,13,4,5,3,1,0,0,0,0
807,0,29,77,57,47,57,91,73,51,50,40,34,22,24,18,13,6,5,2,0,0,0,0
808,0,5,20,6,0,1,8,3,1,2,4,1,2,2,1,0,0,0,0,0,0,0,0
809,0,0,7,4,0,4,1,0,0,0,1,0,0,0,0,0,0,0,0,0,0,0,0
810,0,5,29,18,13,14,21,11,16,13,17,3,9,5,6,2,0,1,3,0,0,0,0
811,0,17,40,16,13,17,32,18,13,26,13,11,4,4,5,5,1,1,0,1,0,0,0
812,0,19,73,37,17,22,32,25,22,27,13,12,11,10,4,5,6,3,1,0,0,0,0
813,0,16,81,32,22,17,18,20,22,20,20,9,8,9,2,5,4,4,1,1,0,0,0
814,0,20,83,59,21,19,68,46,35,38,34,17,17,10,12,11,3,2,2,0,0,0,0
815,0,4,15,3,2,5,5,6,4,0,1,3,3,1,0,1,0,0,0,0,0,0,0
816,0,0,3,4,3,0,1,1,2,0,1,1,0,0,0,0,0,0,0,0,0,0,0
817,0,4,16,18,2,13,15,8,18,19,12,6,10,3,4,3,0,1,2,1,0,0,0
818,0,13,54,22,15,17,34,32,12,15,11,13,2,4,8,2,6,3,0,2,0,0,0
819,0,16,87,31,20,30,22,13,19,20,12,10,6,6,5,6,0,1,0,0,0,0,0
820,0,17,61,29,19,17,42,24,22,22,9,14,4,8,5,3,3,0,2,0,0,0,0
821,0,22,115,72,30,47,61,60,32,56,25,22,19,17,7,12,3,2,3,3,0,0,0
822,0,3,22,13,5,3,4,3,1,1,1,0,0,1,0,0,0,0,0,0,0,0,0
823,0,0,3,1,2,1,2,1,1,0,0,1,1,0,0,0,0,0,0,0,0,0,0
824,0,1,26,33,13,17,20,16,18,13,3,10,3,0,2,2,2,0,1,0,0,0,0
825,0,4,39,11,15,14,17,17,19,16,12,9,8,2,1,3,1,3,0,0,0,0,0
826,0,15,60,38,16,6,9,15,15,13,9,5,8,3,4,0,1,1,1,0,0,0,0
827,0,10,46,21,22,18,24,19,10,9,12,5,7,8,7,0,3,2,0,0,0,0,0
828,0,19,89,64,31,27,39,41,36,36,16,21,9,7,9,5,2,2,0,2,0,0,0
829,0,6,17,13,3,2,4,3,2,2,2,2,1,1,2,0,0,0,0,0,0,0,0
830,0,0,0,2,1,0,4,1,1,2,1,0,1,1,0,0,0,0,0,0,0,0,0
831,0,2,20,24,15,14,19,5,16,13,6,6,6,9,6,0,0,0,0,1,0,0,0
832,0,11,45,15,21,21,27,28,22,17,20,9,3,3,3,2,2,0,0,0,0,0,0
833,0,8,62,42,6,17,15,11,17,17,3,8,3,5,6,4,3,2,2,1,0,0,0
834,0,12,61,30,17,27,26,21,15,20,7,7,4,7,2,5,1,2,1,0,0,0,0
835,0,0,1,2,0,2,5,1,0,0,1,2,0,0,0,0,0,0,0,0,0,0,0
836,0,1,3,3,2,1,3,1,2,0,1,1,2,0,0,0,0,0,0,0,0,0,0
837,0,0,0,0,0,0,0,0,0,0,0,1,0,0,0,0,0,0,0,0,0,0,0
838,0,1,1,0,5,2,0,0,2,0,1,2,2,1,0,0,0,0,0,0,0,0,0
839,0,4,29,20,12,11,8,12,10,10,8,6,2,0,2,3,1,0,0,1,0,0,0
840,0,9,62,36,14,14,15,15,11,9,10,4,6,2,6,7,1,0,3,1,0,0,0
841,0,10,60,32,8,15,25,16,12,12,3,5,4,2,4,3,4,1,0,0,0,0,0
842,0,22,126,81,35,32,43,29,22,23,13,9,13,8,2,5,4,0,2,0,0,0,0
843,0,2,17,2,2,1,2,2,1,0,1,1,0,0,0,0,0,0,0,0,0,0,0
844,0,1,0,1,0,0,3,1,0,0,0,0,0,0,0,0,0,0,0,0,0,0,0
845,0,5,31,26,15,15,15,15,4,12,5,6,2,1,3,0,1,0,0,0,0,0,0
846,0,2,29,18,9,12,16,10,9,9,4,7,3,3,3,0,1,4,1,0,0,0,0
847,0,15,93,39,8,17,25,14,13,12,6,6,9,2,5,1,2,1,0,0,0,0,0
848,0,7,55,30,6,9,16,15,10,9,12,8,6,2,3,4,2,1,0,0,0,0,0
849,0,22,109,53,36,31,40,31,33,20,16,13,13,7,5,3,2,0,3,0,0,0,0
850,0,4,9,9,5,3,4,1,2,3,1,1,1,2,0,0,0,0,0,0,0,0,0
851,0,0,1,1,1,0,1,0,0,0,0,1,0,0,0,0,0,0,0,0,0,0,0
852,0,0,34,17,8,15,12,13,13,6,5,7,2,2,3,2,0,0,0,0,0,0,0
853,0,7,31,23,9,11,13,11,13,14,8,7,2,2,3,2,1,0,0,0,0,0,0
854,0,10,70,35,11,12,7,8,19,9,11,3,1,2,2,1,2,0,0,1,1,0,0
855,0,18,55,34,9,15,16,8,20,11,6,2,3,4,0,3,2,0,0,1,0,0,0
856,1,13,103,48,21,27,43,27,15,25,14,10,7,7,4,3,1,2,0,2,0,0,0
857,0,3,12,2,3,3,2,1,1,0,0,0,0,0,0,0,0,0,0,0,0,0,0
858,0,0,1,0,0,0,1,0,0,0,0,0,0,0,0,0,0,0,0,0,0,0,0
859,0,1,14,18,5,12,11,6,5,16,5,5,2,3,3,1,0,1,1,0,0,0,0
860,0,6,34,23,9,11,19,12,12,6,6,3,3,2,2,0,0,0,0,0,0,0,0
861,0,7,64,31,10,10,22,18,14,17,4,8,11,2,2,0,0,1,1,1,0,0,0
862,0,13,76,30,4,16,19,11,11,3,11,2,6,3,1,3,0,0,0,0,0,0,0
863,0,17,96,58,23,25,26,21,21,21,14,4,7,4,8,0,1,1,0,0,0,0,0
864,0,1,21,5,3,0,2,1,2,2,0,3,0,0,0,1,0,0,0,0,0,0,0
865,0,0,2,1,0,1,3,1,3,0,0,3,0,0,0,0,1,0,0,0,0,0,0
866,0,3,21,19,5,11,11,7,8,8,4,4,2,4,1,1,1,0,0,0,0,0,0
867,0,1,23,18,9,12,20,15,15,9,6,2,3,1,2,0,3,0,3,0,0,0,0
868,0,12,74,43,7,9,17,25,9,10,7,6,3,4,2,2,1,3,3,0,0,0,0
869,0,12,75,21,9,5,10,14,12,14,8,6,4,2,1,1,0,0,0,0,0,0,0
870,0,11,88,48,25,9,27,24,10,22,7,8,6,7,4,4,1,1,1,0,0,0,0
871,0,0,17,7,0,2,3,1,2,0,3,1,1,0,2,0,0,0,0,0,0,0,0
872,0,0,5,1,0,0,1,1,2,0,0,0,0,0,0,0,0,0,0,0,0,0,0
873,0,2,23,14,3,10,14,9,7,9,8,5,8,5,2,3,0,0,0,0,0,0,0
874,0,4,23,23,10,9,9,5,10,18,6,3,4,1,0,4,0,1,0,0,0,0,0
875,0,7,53,25,11,8,17,13,7,6,5,5,4,3,5,1,1,4,2,0,0,0,0
876,0,11,34,25,13,12,6,17,8,11,3,5,5,1,0,1,1,0,2,0,0,0,0
877,0,8,63,34,32,26,13,17,14,12,11,10,7,6,10,1,4,2,1,1,0,0,0
878,0,4,15,11,2,1,0,0,1,1,1,0,0,0,0,0,0,2,0,0,0,0,0
879,0,2,5,0,1,0,0,0,0,1,0,0,0,0,0,0,0,0,0,0,0,0,0
880,0,2,23,9,9,7,9,6,11,4,0,1,4,1,2,1,1,1,0,0,0,0,0
881,0,5,36,10,11,20,9,14,8,12,5,4,2,5,4,1,1,2,1,1,0,0,0
882,0,8,40,17,7,7,5,10,11,13,9,2,4,3,1,2,0,0,0,0,0,0,0
883,0,6,37,19,11,9,10,7,6,12,3,3,4,3,1,0,2,0,0,0,0,0,0
884,0,6,92,38,15,21,20,15,15,10,15,3,2,4,3,3,0,0,1,0,0,0,0
885,0,2,13,3,4,1,1,2,1,1,2,2,0,0,0,0,0,0,0,0,0,0,0
886,0,2,1,1,0,1,0,1,0,1,0,0,0,0,0,0,0,0,0,0,0,0,0
887,0,2,10,19,4,5,11,2,8,9,3,7,4,2,1,1,0,0,0,0,0,0,0
888,0,0,10,12,12,5,11,8,9,4,7,4,2,2,0,2,0,0,0,0,0,0,0
889,0,13,47,17,9,12,11,5,3,5,4,4,2,0,1,1,1,1,0,0,0,0,0
890,0,9,21,14,4,12,5,8,6,4,8,3,1,1,5,1,0,0,0,0,0,0,0
891,0,7,33,27,11,15,27,20,5,9,9,5,4,8,2,1,1,1,1,1,1,0,0
892,0,0,9,0,1,0,0,0,0,0,1,0,0,0,0,0,0,0,0,0,0,0,0
893,0,0,4,0,0,0,0,2,0,0,0,0,0,0,0,0,0,0,0,0,0,0,0
894,0,0,4,11,4,7,8,5,8,4,1,4,3,4,0,0,0,1,0,0,0,0,0
895,0,2,9,5,5,10,6,9,9,8,6,2,1,2,1,1,2,0,0,1,0,0,0
896,0,5,18,12,4,5,16,7,3,5,2,4,0,0,1,1,1,0,0,0,0,0,0
897,0,1,15,8,5,9,11,7,4,1,1,2,0,1,0,0,0,1,0,0,0,0,0
898,0,6,33,25,10,8,18,9,5,15,6,6,4,4,2,2,0,1,1,0,0,0,0
899,0,2,5,2,0,1,0,0,0,0,1,0,0,0,1,0,0,0,0,0,0,0,0
900,0,1,2,1,0,0,0,0,0,0,0,0,0,0,0,0,0,0,0,0,0,0,0
901,0,1,13,9,8,3,2,9,4,3,3,1,3,2,0,2,1,0,1,0,0,0,0
902,0,2,17,6,1,4,5,3,2,4,6,4,1,0,2,4,0,0,1,0,0,0,0
903,0,0,15,15,8,5,7,5,3,6,4,3,6,3,5,5,1,0,1,1,0,0,0
904,0,3,16,5,0,5,4,2,4,8,3,0,4,0,0,1,1,4,0,0,0,0,0
905,0,7,43,18,6,8,19,13,3,11,8,11,2,2,1,2,3,2,0,1,0,0,0
906,0,1,7,2,0,0,0,3,2,0,2,0,0,1,1,0,0,0,0,0,0,0,0
907,0,0,1,1,0,0,0,0,0,0,0,0,0,0,0,0,0,0,0,0,0,0,0
908,0,0,7,11,5,7,12,4,7,5,5,5,1,1,0,1,0,2,1,0,0,0,0
909,0,3,25,4,4,5,6,5,4,5,3,2,4,2,0,0,0,1,0,0,0,0,0
910,0,8,36,14,8,7,11,10,9,3,5,2,3,1,2,2,0,0,0,0,0,0,0
911,0,2,26,6,8,15,5,10,6,4,5,3,2,2,2,1,1,1,1,0,0,0,0
912,0,6,50,32,8,16,12,18,13,9,9,2,3,2,6,0,0,0,0,0,0,0,0
913,0,5,6,1,0,1,0,0,0,0,0,0,0,0,0,1,0,0,0,0,0,0,0
914,0,0,1,1,0,0,1,0,0,0,0,0,0,0,0,0,0,0,0,0,0,0,0
915,0,1,5,19,7,3,8,6,11,4,6,4,3,2,1,2,1,1,0,0,0,0,0
916,0,0,1,1,1,2,1,1,1,1,0,1,0,0,1,0,0,0,0,0,0,0,0
917,0,0,0,0,0,0,0,1,3,0,2,2,0,0,0,0,0,0,0,0,0,0,0
918,0,3,18,14,4,12,15,7,5,8,4,5,6,4,1,1,0,1,0,0,0,0,0
919,0,3,20,14,13,25,27,17,10,9,9,7,5,4,0,3,0,0,0,0,0,0,0
920,0,1,1,4,0,1,0,2,0,0,0,0,0,0,1,0,0,0,0,0,0,0,0
921,0,0,2,0,0,1,0,0,0,0,1,0,0,0,0,0,0,0,0,0,0,0,0
922,0,1,12,21,3,9,11,11,6,5,5,6,1,3,3,1,0,0,0,0,0,0,0
923,0,1,8,20,6,5,15,14,5,6,1,4,6,4,4,0,2,0,0,0,0,0,0
924,0,12,38,23,9,9,14,20,12,10,4,3,4,7,6,0,0,0,0,1,0,0,0
925,0,7,23,13,9,4,12,8,12,11,4,5,7,8,1,5,1,1,1,1,0,0,0
926,0,16,57,34,11,29,22,20,15,18,12,8,6,6,4,1,1,0,0,0,0,0,0
927,0,5,16,2,1,2,2,2,2,2,0,1,0,2,0,0,0,0,0,0,0,0,0
928,0,1,1,2,0,0,1,0,0,1,0,0,0,0,0,0,0,0,0,0,0,0,0
929,0,6,18,13,11,11,15,17,11,9,7,8,6,4,0,1,0,1,0,0,0,0,0
930,0,3,17,8,12,4,9,4,6,5,8,3,5,8,3,0,0,0,0,0,0,0,0
931,0,3,16,15,7,7,12,6,4,4,10,8,7,3,1,0,0,0,1,0,0,0,0
932,0,7,18,9,11,12,13,9,9,7,2,5,5,3,1,2,2,1,0,2,0,0,0
933,0,10,39,13,11,20,31,20,13,13,11,7,5,6,5,5,2,2,0,0,0,0,0
934,0,4,10,3,1,1,3,0,0,0,1,1,0,0,0,0,0,0,0,0,0,0,0
935,0,0,1,3,1,0,0,0,0,0,0,0,0,0,0,0,0,0,0,0,0,0,0
936,0,0,11,6,6,10,10,18,6,5,6,2,2,3,3,4,0,1,0,1,0,0,0
937,0,1,18,10,8,8,12,12,11,8,7,2,0,2,1,3,2,3,0,0,0,0,0
938,0,10,20,17,5,7,21,13,7,7,4,3,4,3,5,0,0,3,0,0,0,0,0
939,0,3,16,9,3,13,12,6,9,8,4,6,6,4,5,5,4,4,3,0,0,0,0
940,0,13,35,20,19,28,22,28,20,15,9,5,9,6,5,2,3,3,2,0,0,0,0
941,0,2,7,1,0,0,2,1,0,0,0,1,0,1,1,0,0,0,0,0,0,0,0
942,1,1,4,2,0,0,1,1,1,2,0,0,0,1,0,1,0,0,0,0,0,0,0
943,0,1,8,6,6,15,17,7,12,8,5,3,1,5,1,1,1,0,0,0,0,0,0
944,0,9,10,6,6,8,11,14,11,7,7,8,3,1,6,2,0,1,3,2,0,0,0
945,0,11,26,16,8,13,16,9,9,5,7,3,3,3,3,3,2,1,0,0,0,0,0
946,0,3,14,19,5,12,21,12,7,13,4,6,7,3,4,6,1,1,1,0,0,0,0
947,0,17,36,19,13,22,21,29,19,9,12,12,10,4,4,2,7,1,0,0,0,0,0
948,0,2,4,1,1,1,2,0,1,2,2,0,1,0,0,0,0,0,0,0,0,0,0
949,0,1,0,0,1,0,0,0,0,1,1,0,0,0,0,0,0,1,0,0,0,0,0
950,0,3,9,16,6,6,13,10,6,7,9,3,1,1,5,2,1,1,0,2,0,0,0
951,0,3,6,8,7,16,12,6,11,6,3,5,3,5,2,3,4,3,2,0,0,0,0
952,0,8,16,13,9,11,13,13,4,6,6,3,2,3,5,4,5,0,1,1,0,0,0
953,0,3,9,15,11,10,10,8,9,10,5,5,0,2,1,6,0,1,1,0,0,0,0
954,0,6,20,13,10,10,13,19,12,5,11,8,1,2,7,4,2,2,2,0,0,0,0
955,0,5,3,1,1,0,2,0,1,1,0,1,0,0,0,0,0,0,0,0,0,0,0
956,0,0,0,0,0,0,1,1,0,1,0,0,0,0,0,0,0,0,0,0,0,0,0
957,0,1,11,8,5,7,15,7,5,4,3,5,4,4,2,2,3,4,0,1,0,0,0
958,0,4,8,12,9,15,6,10,7,4,2,0,4,1,3,5,4,3,1,0,0,0,0
959,0,7,14,8,6,4,10,7,4,6,0,5,1,9,0,0,5,2,1,0,0,0,0
960,0,5,8,6,5,6,11,10,13,14,2,2,7,4,1,4,1,3,4,0,0,0,0
961,0,15,27,18,12,12,21,14,11,11,6,5,4,5,5,5,0,2,3,0,0,0,0
962,0,0,4,0,0,0,3,1,0,0,0,0,1,0,0,0,0,1,0,0,0,0,0
963,0,0,0,0,0,0,2,0,0,0,0,0,0,0,0,0,0,0,0,0,0,0,0
964,0,0,7,7,5,3,11,7,8,7,3,7,4,3,3,3,2,2,1,1,0,0,0
965,0,4,17,7,2,7,19,17,13,10,6,4,3,9,1,0,3,1,2,0,0,0,0
966,0,4,17,11,2,6,8,7,5,6,6,3,4,1,2,4,4,3,1,0,0,0,0
967,0,4,17,13,7,6,11,8,8,7,8,5,4,4,4,4,0,3,2,0,0,0,0
968,0,10,28,23,10,14,17,10,10,9,4,8,8,5,7,0,0,1,2,0,0,0,0
969,0,8,10,2,1,2,1,1,6,3,1,0,0,0,0,0,0,0,0,0,0,0,0
970,0,3,2,1,0,0,0,1,0,0,0,0,0,0,0,0,0,1,0,0,0,0,0
971,0,0,14,8,4,4,6,7,5,5,3,2,3,2,6,4,1,0,0,1,0,0,0
972,0,3,17,7,3,8,6,8,11,8,4,5,4,3,1,4,1,2,2,0,1,0,0
973,0,8,27,14,5,6,7,4,7,8,9,2,2,5,7,3,1,1,1,1,0,0,0
974,0,4,13,5,8,12,15,6,6,8,7,8,7,3,3,0,1,2,2,1,0,0,0
975,0,21,44,4,7,15,11,16,8,11,9,2,5,8,2,6,0,2,1,1,0,0,0
976,0,1,4,3,1,1,2,0,3,0,0,0,0,0,0,0,0,0,0,0,0,0,0
977,0,0,1,1,0,1,1,0,1,0,0,0,0,0,0,0,0,0,0,0,0,0,0
978,0,1,9,5,6,2,7,9,9,5,7,3,6,3,1,0,0,2,1,0,0,0,0
979,0,1,6,2,5,5,12,10,3,3,5,3,0,1,6,4,4,2,1,0,0,0,0
980,0,3,11,6,4,5,8,6,2,3,7,6,2,4,0,0,3,4,4,2,1,0,0
981,0,3,8,4,1,10,6,9,9,5,5,3,5,4,4,1,2,7,2,0,0,0,0
982,0,8,23,10,10,14,17,13,9,11,5,3,4,5,2,3,2,4,1,2,1,0,0
983,0,0,4,0,0,0,0,2,0,1,2,2,0,0,0,0,0,0,0,0,0,0,0
984,0,1,1,1,0,1,0,0,0,0,2,0,0,0,0,2,0,0,0,0,0,0,0
985,0,4,6,6,10,10,8,5,6,11,6,3,3,5,1,2,3,2,3,0,0,0,0
986,0,4,7,4,9,6,7,8,10,8,4,3,4,4,0,5,3,4,0,0,0,0,0
987,0,6,9,6,5,7,10,11,4,7,1,4,2,3,5,5,1,4,4,0,0,0,0
988,0,4,14,3,7,7,8,16,7,6,8,2,3,3,4,1,3,3,3,0,0,0,0
989,0,6,22,7,14,12,22,14,8,10,9,6,3,2,2,10,1,2,1,3,0,0,0
990,0,1,4,0,0,0,0,0,0,0,2,0,0,0,1,0,0,0,0,0,0,0,0
991,0,1,2,0,0,1,0,1,2,0,0,0,0,0,0,0,0,0,0,0,0,0,0
992,0,1,4,4,5,5,8,6,3,3,1,6,2,7,2,0,2,3,1,0,0,0,0
993,0,6,7,7,3,11,10,2,7,8,1,4,0,8,3,3,6,0,3,2,0,0,0
994,0,7,11,2,6,7,8,9,10,5,3,6,4,1,5,4,3,1,4,2,0,0,0
995,0,4,7,2,3,9,4,5,5,3,7,5,2,1,3,3,2,3,0,0,0,0,0
996,0,8,18,9,11,6,16,14,11,10,3,6,8,4,4,0,1,1,1,0,0,0,0
997,0,1,2,0,0,0,1,1,0,0,0,0,0,0,0,0,0,0,0,0,0,0,0
998,0,0,0,0,1,1,0,0,0,0,0,0,0,0,0,0,0,0,0,0,0,0,0
999,0,0,0,1,2,4,6,6,2,2,0,0,1,4,1,3,1,1,1,0,0,0,0
1000,0,4,3,3,2,9,9,14,5,2,4,3,5,4,4,1,2,3,0,0,0,0,0
1001,0,0,1,0,1,0,1,0,0,0,0,0,0,1,1,0,0,0,0,0,0,0,0
1002,0,3,8,4,2,6,2,7,2,2,5,3,3,5,3,3,2,2,2,1,0,0,0
1003,0,8,17,9,10,13,12,18,12,7,4,6,2,4,5,4,3,0,0,1,0,0,0
1004,0,0,2,3,0,1,1,0,0,0,0,0,0,0,0,1,0,0,0,0,0,0,0
1005,0,0,0,0,0,0,2,0,0,1,0,0,0,0,0,0,0,0,0,0,0,0,0
1006,0,3,7,2,3,13,10,17,8,8,4,3,5,3,1,1,2,2,0,0,0,0,0
1007,0,4,14,4,3,7,9,8,5,4,6,2,3,3,2,4,1,1,2,0,0,0,0
1008,0,2,7,3,2,8,12,10,5,2,4,5,2,3,5,2,3,1,1,0,0,0,0
1009,0,2,12,3,6,8,8,9,9,5,7,6,5,4,4,7,0,3,1,1,0,0,0
1010,0,5,16,12,11,13,16,11,17,10,9,5,6,9,5,1,2,1,0,0,0,0,0
1011,0,3,7,1,0,2,1,1,1,0,0,0,0,0,0,0,0,0,0,0,0,0,0
1012,0,0,0,0,0,0,0,0,0,0,0,0,0,0,0,0,0,0,0,0,0,0,0
1013,0,3,3,5,5,5,5,6,5,4,6,1,3,2,3,1,0,1,0,0,0,0,0
1014,0,3,2,4,4,4,10,7,7,3,7,5,2,1,3,2,3,4,2,2,0,0,0
1015,0,8,14,2,2,6,4,6,5,7,8,5,5,5,9,8,8,2,3,0,0,0,0
1016,0,8,11,5,7,9,5,3,3,7,6,4,5,3,4,6,6,1,0,0,0,0,0
1017,0,10,23,7,13,11,13,20,11,8,7,5,2,3,7,3,3,0,0,0,0,0,0
1018,0,1,8,3,0,0,0,0,0,2,0,0,0,0,0,1,0,0,0,0,0,0,0
1019,0,0,0,0,0,0,0,0,0,0,0,1,0,0,0,0,0,0,0,0,0,0,0
1020,0,2,6,9,2,5,3,8,5,1,1,0,4,4,1,3,2,0,0,0,0,0,0
1021,0,3,10,2,5,4,4,5,5,6,5,3,0,1,4,8,2,1,0,0,0,0,0
1022,0,5,7,2,3,3,6,8,9,7,3,3,3,0,2,1,2,0,0,0,0,0,0
1023,0,2,13,6,2,6,7,6,3,6,3,2,4,3,3,2,3,3,2,0,0,0,0
1024,0,7,20,10,5,6,19,10,7,13,11,1,4,5,4,1,1,0,0,0,0,0,0
1025,0,2,6,1,1,1,1,1,0,0,0,1,0,0,0,0,0,2,0,0,0,0,0
1026,0,0,0,0,0,0,0,1,0,0,0,0,0,0,0,1,0,0,0,0,0,0,0
1027,0,1,3,3,2,6,4,1,5,2,1,3,1,1,3,1,0,0,0,0,0,0,0
1028,0,4,6,4,3,1,9,4,6,9,7,4,2,2,1,1,2,0,2,5,0,0,0
1029,0,2,14,2,1,3,4,1,8,3,5,4,4,3,4,3,1,5,0,0,0,0,0
1030,0,1,6,4,3,6,3,5,2,3,3,2,2,1,2,1,1,0,1,0,0,0,0
1031,0,0,2,0,0,0,0,0,0,0,0,2,0,0,0,0,0,0,0,0,0,0,0
1032,0,0,2,1,1,0,0,1,0,1,0,0,0,0,0,0,0,0,0,0,0,0,0
1033,0,0,1,0,0,0,0,0,0,0,0,0,0,0,1,0,0,0,0,0,0,0,0
1034,0,1,2,2,1,11,8,8,2,0,2,4,4,2,3,4,1,2,0,0,0,0,0
1035,0,3,4,5,5,4,8,5,4,7,2,1,3,0,0,1,1,1,0,0,0,0,0
1036,0,3,5,3,3,1,4,9,3,3,2,2,3,3,1,1,1,0,1,0,0,0,0
1037,0,1,4,3,4,4,4,7,3,4,3,1,1,2,0,2,1,0,0,0,1,0,0
1038,0,14,16,11,5,17,10,12,9,8,3,5,3,5,5,2,3,1,0,0,0,0,0
1039,0,1,3,0,0,0,0,0,0,1,0,0,0,0,1,0,0,1,1,0,0,0,0
1040,0,0,0,0,1,1,0,0,0,0,0,0,0,0,0,0,0,0,0,0,0,0,0
1041,0,4,3,2,4,4,2,5,2,1,0,5,1,2,1,1,0,0,0,0,0,0,0
1042,0,1,5,0,4,4,1,10,6,6,0,3,2,2,0,0,1,1,1,1,0,0,0
1043,0,2,1,2,3,2,10,6,4,4,3,3,2,0,1,2,1,0,0,0,0,0,0
1044,0,2,7,7,3,4,8,2,5,0,6,5,4,1,1,2,1,0,0,0,0,0,0
1045,0,6,13,3,6,9,14,7,6,10,2,1,3,2,5,2,2,0,0,1,0,0,0
1046,0,0,1,0,0,1,1,1,0,1,0,0,0,0,0,1,0,0,0,0,0,0,0
1047,0,0,0,0,0,0,0,0,1,0,0,0,0,0,0,0,0,0,0,0,0,0,0
1048,0,0,0,1,4,9,4,5,5,2,0,3,2,5,0,2,0,0,1,0,0,0,0
1049,0,1,2,1,3,5,5,6,4,3,3,3,3,5,2,0,2,0,5,0,0,0,0
1050,4,3,5,6,3,6,6,4,2,0,6,2,3,0,2,1,0,0,0,0,0,0,0
1051,0,0,0,0,1,0,0,0,0,0,0,0,0,0,0,0,0,0,0,0,0,0,0
1052,0,7,12,0,5,3,6,4,2,4,2,2,3,0,1,1,2,2,0,0,0,0,0
1053,0,1,0,0,0,1,0,0,0,0,0,0,0,0,0,0,0,0,0,0,0,0,0
1054,0,0,0,0,0,0,0,0,0,0,0,0,0,1,0,0,0,1,1,0,0,0,0
1055,0,0,1,5,2,4,8,6,3,2,2,2,3,2,1,1,1,0,1,0,0,0,0
1056,0,1,1,6,1,4,3,5,2,5,2,4,0,2,0,0,4,1,0,0,0,0,0
1057,0,4,4,1,0,2,2,4,1,2,6,2,1,1,1,3,1,1,0,0,0,0,0
1058,0,2,8,2,2,3,5,5,1,1,2,2,1,2,2,2,2,1,1,0,0,0,0
1059,0,1,6,6,5,11,15,11,7,3,4,1,3,0,0,3,4,0,1,2,0,0,0
1060,0,1,1,0,0,0,0,0,0,0,0,0,0,0,0,0,0,0,0,0,0,0,0
1061,0,0,0,0,0,0,0,0,0,0,0,0,0,0,0,0,0,0,0,0,0,0,0
1062,7,2,3,1,2,2,2,3,4,1,0,0,0,1,0,0,0,0,0,0,0,0,0
1063,0,0,4,0,1,3,5,3,2,5,0,0,1,3,1,2,0,1,1,0,0,0,0
1064,0,0,7,1,3,6,4,9,6,5,2,3,2,2,1,0,1,0,0,0,0,0,0
1065,0,0,4,2,5,4,1,4,9,5,0,0,1,0,2,1,0,0,0,0,0,0,0
1066,0,0,7,3,2,7,1,0,2,3,2,1,2,3,0,0,0,0,0,0,0,0,0
1067,0,0,0,0,0,0,0,0,0,0,0,0,0,0,0,0,0,0,0,0,0,0,0
1068,0,0,1,1,0,0,0,0,0,0,0,0,0,0,0,0,0,0,0,0,0,0,0
1069,0,0,1,0,0,2,5,4,2,1,0,1,3,0,0,1,0,1,0,0,0,0,0
1070,0,0,1,1,2,3,2,1,3,3,0,0,0,1,0,0,0,1,0,0,0,0,0
1071,5,0,2,0,0,5,2,2,1,3,1,2,1,1,1,3,2,2,5,1,0,0,0
1072,0,0,3,0,0,4,1,4,1,0,6,2,1,3,1,2,1,0,0,0,0,0,0
1073,0,1,3,6,6,3,3,7,1,3,4,1,1,1,0,0,0,0,1,0,0,0,0
1074,0,0,0,0,0,0,0,2,0,0,0,0,0,0,0,0,0,0,0,0,0,0,0
1075,0,0,0,0,0,0,1,0,0,0,0,0,0,0,1,0,0,0,0,0,0,0,0
1076,0,0,1,1,3,3,2,4,2,1,2,1,1,1,0,0,0,0,0,0,0,0,0
1077,3,1,1,2,2,3,4,2,1,4,1,4,0,0,1,1,1,0,1,0,0,0,0
1078,4,2,1,1,0,3,2,2,1,3,0,0,1,1,0,0,0,1,0,0,0,0,0
1079,0,1,0,2,3,2,2,4,0,1,0,1,0,0,0,0,0,0,1,0,0,0,0
1080,0,0,3,5,4,2,5,5,3,2,4,3,1,3,0,0,0,0,0,0,0,0,0
1081,0,0,0,0,0,0,1,0,0,0,0,0,0,0,0,0,0,0,0,0,0,0,0
1082,0,0,0,0,0,0,0,0,0,0,0,0,0,0,0,0,0,0,0,0,0,0,0
1083,4,4,0,1,2,4,1,1,2,1,0,1,1,1,0,0,0,0,0,0,0,0,0
1084,1,2,1,2,0,1,4,2,1,6,2,2,1,0,0,1,0,0,0,0,0,0,0
1085,1,0,1,0,1,3,2,1,3,2,3,3,1,1,0,0,0,0,0,0,0,0,0
1086,0,1,1,3,3,3,5,2,1,3,3,1,0,1,0,0,0,0,0,0,0,0,0
1087,0,0,1,1,0,6,1,0,1,0,1,0,0,0,0,0,0,0,0,0,0,0,0
1088,0,0,0,0,0,0,0,0,0,0,0,0,0,0,0,0,0,0,0,0,0,0,0
1089,0,0,0,0,0,0,0,0,0,0,0,0,0,0,0,0,0,0,0,0,0,0,0
1090,0,0,0,0,0,0,0,0,0,1,0,0,0,0,0,0,0,0,0,0,0,0,0
1091,0,0,0,0,1,0,0,0,0,0,0,0,0,0,0,0,0,0,0,0,0,0,0
1092,0,1,0,1,3,4,1,1,0,2,1,0,0,1,0,0,0,0,0,0,0,0,0
1093,0,1,2,0,0,1,0,0,0,0,0,0,0,0,0,0,0,0,0,0,0,0,0
1094,0,1,0,0,1,2,1,1,0,2,1,0,0,0,0,0,0,0,0,0,0,0,0
1095,0,0,0,0,0,0,0,0,0,0,0,0,0,0,0,0,0,0,0,0,0,0,0
1096,0,0,0,0,0,0,0,0,0,0,0,0,0,0,0,0,0,0,0,0,0,0,0
1097,0,1,3,6,5,1,6,5,5,3,1,2,1,1,1,0,0,0,0,0,0,0,0
1098,0,1,1,2,1,0,2,1,0,2,1,1,0,0,0,0,0,0,0,0,0,0,0
1099,1,4,3,0,3,5,3,1,1,2,2,0,0,0,1,0,0,0,0,0,0,0,0
1100,0,4,4,4,1,1,1,3,3,2,1,0,1,1,0,1,0,0,0,0,0,0,0
1101,0,3,10,6,5,6,7,8,2,3,2,1,0,0,1,0,0,1,0,1,0,0,0
1102,0,0,1,0,0,0,0,0,0,0,0,0,1,0,0,0,0,0,0,0,0,0,0
1103,0,0,0,0,1,0,0,0,0,0,0,0,0,0,0,0,0,0,0,0,0,0,0
1104,3,0,2,3,4,8,7,7,9,6,6,1,1,1,0,0,0,0,0,0,0,0,0
1105,1,1,1,5,2,6,18,4,2,4,3,2,3,1,0,0,0,0,0,0,0,0,0
1106,1,1,1,4,3,2,6,3,3,3,3,2,3,0,1,0,0,0,0,0,0,0,0
1107,0,0,2,2,7,5,3,6,3,4,1,0,1,2,1,0,0,0,0,0,0,0,0
1108,0,2,1,2,3,8,9,11,3,4,6,2,2,1,1,0,0,0,0,0,0,0,0
1109,0,1,0,0,0,1,2,0,0,1,0,0,0,0,1,0,0,0,0,0,0,0,0
1110,0,0,0,0,0,0,0,0,1,0,0,0,0,0,0,0,0,0,0,0,0,0,0
1111,0,2,0,3,1,3,6,4,0,1,0,0,2,1,2,0,0,0,0,0,0,0,0
1112,0,2,1,0,0,5,3,4,2,0,1,1,0,2,0,1,0,1,1,0,0,0,0
1113,0,0,0,1,3,2,3,5,0,2,1,2,0,0,1,0,0,0,0,0,0,0,0
1114,0,0,2,1,2,3,6,5,2,2,0,1,2,0,1,1,0,0,0,0,0,0,0
1115,0,1,1,4,5,5,12,2,3,5,2,1,1,1,0,1,0,0,0,0,0,0,0
1116,0,0,0,0,0,1,1,0,0,0,0,0,1,1,1,0,0,0,0,0,0,0,0
1117,0,0,0,0,0,0,0,0,0,0,0,0,0,0,0,0,0,0,0,0,0,0,0
1118,0,0,4,1,3,1,6,9,2,1,1,1,1,0,1,0,0,2,0,0,0,0,0
1119,0,0,0,0,0,0,4,3,0,2,2,0,0,0,0,0,2,1,0,0,0,0,0
1120,1,0,2,1,0,0,3,3,2,1,1,1,2,0,0,2,0,0,1,0,0,0,0
1121,0,0,1,2,4,3,4,1,1,3,2,1,1,2,0,0,0,0,0,0,0,0,0
1122,0,2,6,5,9,9,7,3,1,1,3,2,2,2,0,0,0,1,1,0,0,0,0
1123,0,0,0,0,0,0,0,0,0,0,0,0,0,0,0,0,0,0,0,0,0,0,0
1124,0,0,0,0,0,0,0,0,0,0,0,0,0,0,0,0,0,0,0,0,0,0,0
1125,5,1,4,1,3,4,6,3,0,2,3,1,0,0,0,1,1,0,0,0,0,0,0
1126,0,0,5,1,4,5,1,1,2,4,0,1,1,0,1,0,0,0,0,0,0,0,0
1127,0,0,1,3,0,1,6,1,6,5,4,0,0,1,3,0,1,0,0,0,0,0,0
1128,0,1,2,1,1,4,3,4,1,1,0,1,3,0,1,1,0,0,0,0,0,0,0
1129,0,1,2,1,4,5,9,4,7,4,0,0,1,0,3,0,2,1,2,0,0,0,0
1130,0,0,0,1,0,2,0,0,0,0,0,0,0,0,1,0,0,0,0,0,0,0,0
1131,0,0,0,0,0,0,0,1,0,0,1,0,0,0,0,0,0,0,0,0,0,0,0
1132,0,1,0,4,5,2,5,3,7,2,0,1,2,1,2,0,0,2,0,0,0,0,0
1133,0,1,1,0,3,4,1,1,1,2,1,2,0,0,0,0,0,0,0,0,0,0,0
1134,1,0,0,0,2,2,2,4,0,0,1,0,0,1,0,0,0,0,1,0,0,0,0
1135,0,0,0,2,2,3,3,2,4,0,1,1,0,0,1,0,0,0,0,0,0,0,0
1136,0,0,1,3,6,6,3,7,2,3,2,0,0,0,0,0,0,0,0,0,0,0,0
1137,0,0,0,0,0,0,1,0,0,0,0,0,0,0,0,0,0,0,0,0,0,0,0
1138,0,0,0,0,0,0,0,0,0,0,0,0,0,0,0,0,0,0,0,0,0,0,0
1139,0,0,1,1,1,1,3,4,3,2,3,0,0,0,0,0,0,0,0,0,0,0,0
1140,0,1,0,0,3,6,1,0,1,2,3,0,0,1,0,0,0,0,0,0,0,0,0
1141,0,0,1,4,2,3,1,0,2,1,2,0,0,0,0,0,0,0,0,0,0,0,0
1142,1,0,0,2,1,1,0,2,1,2,1,0,1,0,0,0,0,0,0,0,0,0,0
1143,0,0,0,4,2,6,1,3,4,2,1,1,0,0,0,0,0,0,0,0,0,0,0
1144,0,1,0,3,1,0,0,0,0,0,0,0,0,0,0,0,0,0,0,0,0,0,0
1145,0,0,0,0,0,0,0,0,0,0,0,0,0,0,0,0,0,0,0,0,0,0,0
1146,0,0,0,0,2,3,0,1,2,2,1,1,0,1,0,0,0,0,0,0,0,0,0
1147,0,0,0,0,0,5,3,3,2,1,0,2,2,0,0,0,0,0,0,0,0,0,0
1148,0,1,0,0,0,2,1,0,1,2,0,0,0,0,0,0,0,0,0,0,0,0,0
1149,0,1,1,3,1,1,1,0,1,0,0,0,0,0,1,1,0,1,0,0,1,0,0
1150,0,1,3,0,1,6,2,4,3,1,1,1,3,0,0,0,0,0,1,0,0,0,0
1151,0,1,0,0,0,0,0,0,0,0,0,0,0,0,0,0,0,0,0,0,0,0,0
1152,0,0,0,0,0,0,0,0,0,0,0,0,0,0,0,0,0,0,0,0,0,0,0
1153,1,0,1,3,2,2,1,2,2,0,1,1,0,0,0,0,0,0,1,1,0,0,0
1154,1,0,0,0,4,2,1,0,2,2,0,2,3,0,0,1,0,1,0,0,0,0,0
1155,1,0,7,1,2,2,2,4,3,5,2,2,0,0,0,0,0,0,0,0,0,0,0
1156,0,0,1,0,0,1,1,3,0,0,0,0,0,0,0,0,0,0,0,0,0,0,0
1157,0,0,2,0,5,7,2,4,3,1,2,0,2,1,0,0,0,0,0,0,0,0,0
1158,0,0,0,0,1,0,0,0,0,0,0,0,0,0,0,0,0,0,0,0,0,0,0
1159,0,0,0,0,0,0,0,0,0,0,0,0,0,0,0,0,0,0,0,0,0,0,0
1160,0,0,2,1,0,0,5,0,5,4,0,0,0,0,0,0,0,0,2,0,0,0,0
1161,0,0,1,0,1,5,2,1,1,1,0,1,1,0,0,0,0,0,0,0,0,0,0
1162,0,0,6,1,2,3,3,0,1,0,0,2,1,0,1,0,1,0,0,0,0,0,0
1163,0,0,1,4,2,1,2,0,0,2,1,2,1,1,1,0,0,0,0,0,0,0,0
1164,1,1,1,0,6,8,8,3,5,2,2,0,0,1,0,2,0,0,2,0,0,0,0
1165,0,0,0,0,0,0,0,0,0,0,0,0,0,0,0,0,0,0,0,0,0,0,0
1166,0,0,0,0,0,0,0,0,0,0,0,0,0,0,0,0,0,0,0,0,0,0,0
1167,0,0,0,0,1,3,1,5,1,1,2,1,0,1,0,0,0,0,0,0,0,0,0
1168,0,0,1,3,0,2,1,0,1,1,2,0,0,0,0,0,0,0,0,0,0,0,0
1169,0,0,2,1,1,3,3,0,1,0,0,1,2,0,0,1,0,0,0,1,0,0,0
1170,0,1,0,1,0,1,1,0,1,0,0,2,1,0,0,0,0,0,0,0,0,0,0
1171,0,0,0,0,4,1,4,0,1,0,0,0,0,0,0,0,0,0,0,0,0,0,0
1172,0,0,1,0,0,1,0,0,0,0,0,0,0,0,0,0,0,0,0,0,0,0,0
1173,0,0,0,0,0,0,0,0,0,0,0,0,0,0,0,0,0,0,0,0,0,0,0
1174,0,0,0,1,2,3,2,1,1,1,1,0,0,0,0,0,0,0,0,0,0,0,0
1175,0,0,0,1,0,1,1,0,0,1,1,1,0,1,0,0,0,0,0,0,0,0,0
1176,2,0,0,3,1,4,2,2,1,1,1,0,0,1,0,0,0,0,0,0,0,0,0
1177,0,0,0,2,0,1,2,0,0,0,0,0,0,0,0,0,0,0,0,0,0,0,0
1178,0,1,1,3,3,3,1,2,1,4,1,0,0,0,1,0,0,0,0,0,0,0,0
1179,0,0,0,0,0,0,0,0,0,0,0,0,0,0,0,0,0,0,0,0,0,0,0
1180,0,0,0,0,0,0,0,0,0,0,0,0,0,0,0,0,0,0,0,0,0,0,0
1181,0,3,1,3,0,1,1,1,1,1,0,0,0,0,0,0,0,0,0,0,0,0,0
1182,0,0,0,2,4,0,3,0,2,0,1,1,0,0,0,0,0,0,0,0,0,0,0
1183,1,0,0,1,1,1,0,0,0,0,1,1,0,0,0,0,0,0,0,0,0,0,0
1184,0,0,0,0,1,1,1,0,1,0,0,1,1,0,0,0,0,0,0,0,0,0,0
1185,0,0,2,3,6,5,7,1,5,6,2,2,1,1,0,0,0,0,0,0,0,0,0
1186,0,0,0,0,0,0,0,0,0,0,0,0,0,0,0,0,0,0,0,0,0,0,0
1187,0,0,0,0,0,0,1,0,0,0,0,0,0,0,0,0,0,0,0,0,0,0,0
1188,0,0,1,0,1,0,0,2,1,1,0,1,0,0,0,0,0,0,0,0,0,0,0
1189,0,0,0,1,0,0,2,2,1,1,0,0,0,1,0,0,0,0,0,0,0,0,0
1190,0,1,0,2,1,0,2,0,0,1,0,2,3,0,1,0,0,0,0,0,0,0,0
1191,0,0,1,5,8,1,0,1,3,2,0,1,2,1,0,0,0,0,0,0,0,0,0
1192,0,1,0,0,0,0,0,1,0,0,0,0,0,0,0,0,0,0,0,0,0,0,0
1193,0,0,0,0,0,0,0,0,0,0,0,0,0,0,0,0,0,0,0,0,0,0,0
1194,0,0,0,0,0,0,0,0,0,0,0,0,0,0,0,0,0,0,0,0,0,0,0
1195,0,0,0,0,0,0,1,0,0,0,0,0,0,0,0,0,0,0,0,0,0,0,0
1196,2,0,0,0,2,1,1,0,0,2,0,0,0,0,0,0,0,0,0,0,0,0,0
1197,0,0,0,2,2,1,0,2,1,0,1,0,3,0,0,0,0,0,0,0,0,0,0
1198,0,0,0,2,0,1,1,0,0,0,0,0,0,0,0,0,0,1,0,0,0,0,0
1199,0,0,0,3,8,3,3,6,1,1,1,0,1,1,0,0,0,0,0,0,0,0,0
1200,0,0,0,0,0,0,0,0,0,0,0,0,0,0,0,0,0,0,0,0,0,0,0
1201,0,0,0,0,0,0,0,0,0,0,0,0,0,0,0,0,0,0,0,0,0,0,0
1202,0,0,1,2,2,1,0,0,0,1,1,0,0,0,0,0,0,0,0,0,0,0,0
1203,3,1,0,1,0,0,1,1,0,0,0,0,0,0,0,1,1,1,0,0,0,0,0
1204,0,1,2,0,3,1,1,1,0,1,0,0,0,0,0,0,0,0,0,0,0,0,0
1205,0,0,1,1,2,1,2,2,1,1,0,0,0,0,0,0,0,0,0,0,0,0,0
1206,0,0,0,3,11,8,5,4,0,0,0,0,1,0,0,0,0,0,0,0,0,0,0
1207,0,0,0,0,0,0,0,0,0,0,0,0,0,0,0,0,0,0,0,0,0,0,0
1208,0,0,0,0,0,0,0,0,0,0,0,0,0,0,0,0,0,0,0,0,0,0,0
1209,0,1,0,0,5,1,1,1,1,0,0,0,0,0,0,0,0,0,0,0,0,0,0
1210,0,0,0,0,0,1,1,0,0,0,0,0,0,0,0,0,0,0,0,0,0,0,0
1211,2,2,1,0,1,0,0,1,1,0,0,0,0,0,0,0,0,0,0,0,0,0,0
1212,0,0,0,0,0,1,2,4,0,1,1,0,0,0,0,2,0,0,0,0,0,0,0
1213,0,0,0,1,7,1,3,2,2,1,0,0,0,0,0,0,0,0,0,0,0,0,0
1214,0,0,0,0,0,0,0,0,0,0,0,0,0,0,0,0,0,0,0,0,0,0,0
1215,0,0,0,0,0,0,0,0,0,0,0,0,0,0,0,0,0,0,0,0,0,0,0
1216,0,0,0,0,0,0,0,0,0,0,0,0,0,0,0,0,0,0,0,0,0,0,0
1217,0,0,0,0,1,2,0,0,0,0,0,0,0,0,0,0,0,0,0,0,0,0,0
1218,0,0,2,1,2,0,0,0,2,2,1,0,0,0,0,0,0,0,0,0,0,0,0
1219,0,0,0,1,1,1,0,0,2,1,1,0,0,0,0,0,0,0,0,0,0,0,0
1220,0,1,0,1,0,5,1,0,0,1,0,0,1,1,0,0,0,0,0,0,0,0,0
1221,0,0,0,2,0,0,0,0,0,0,0,0,0,0,0,0,0,0,0,0,0,0,0
1222,0,0,0,0,0,0,0,0,0,0,0,0,0,0,0,0,0,0,0,0,0,0,0
1223,0,1,1,0,0,0,0,0,0,0,0,0,0,0,0,0,0,0,0,0,0,0,0
1224,0,1,0,1,1,0,0,1,0,0,1,0,1,0,0,0,0,0,0,0,0,0,0
1225,2,1,2,2,0,0,1,0,0,2,1,1,0,0,0,0,0,0,0,0,0,0,0
1226,0,0,0,0,2,0,1,1,1,0,0,0,0,0,1,0,0,0,0,0,0,0,0
1227,0,0,1,2,3,0,3,0,2,0,0,0,0,0,0,0,0,0,0,0,0,0,0
1228,0,0,0,0,0,0,0,0,0,0,0,0,0,0,0,0,0,0,0,0,0,0,0
1229,0,0,0,0,0,0,0,0,0,0,0,0,0,0,0,0,0,0,0,0,0,0,0
1230,0,0,0,0,0,1,0,1,0,0,0,0,0,0,0,0,0,0,0,0,0,0,0
1231,0,0,0,0,2,0,0,1,0,0,0,1,0,0,0,0,0,0,0,0,0,0,0
1232,0,0,1,0,1,1,1,0,0,1,1,0,0,0,0,0,0,0,0,0,0,0,0
1233,0,0,0,0,0,1,0,0,1,1,0,0,0,0,1,0,0,0,1,0,0,0,0
1234,0,0,0,0,1,0,1,0,0,0,0,0,0,0,0,0,0,0,0,0,0,0,0
1235,0,0,0,1,0,0,0,0,0,0,0,0,0,0,0,0,0,0,0,0,0,0,0
1236,0,0,0,0,0,0,0,0,0,0,0,0,0,0,0,0,0,0,0,0,0,0,0
1237,0,0,0,0,0,0,0,0,0,0,0,0,0,0,0,0,0,0,0,0,0,0,0
1238,0,0,0,0,0,1,0,0,0,0,0,0,0,0,0,0,0,0,0,0,0,0,0
1239,1,0,0,0,0,1,1,0,0,0,0,0,0,0,0,0,0,0,0,0,0,0,0
1240,1,0,0,0,2,2,1,0,0,0,0,0,0,0,0,0,0,0,0,0,0,0,0
1241,0,0,2,0,0,1,1,1,0,0,0,1,0,0,0,0,1,0,0,0,0,0,0
1242,0,0,0,0,0,0,0,0,0,0,0,0,0,0,0,0,0,0,0,0,0,0,0
1243,0,0,0,0,0,0,0,1,0,0,0,0,0,0,0,0,0,0,0,0,0,0,0
1244,0,0,0,0,0,0,0,1,0,0,0,0,0,0,0,0,0,0,0,0,0,0,0
1245,0,0,0,0,0,0,0,0,0,0,1,1,0,1,2,0,0,0,0,0,0,0,0
1246,0,2,2,1,0,1,0,0,1,0,1,0,0,0,0,0,0,0,0,0,0,0,0
1247,0,0,0,0,0,0,0,0,1,0,0,0,1,0,0,0,0,0,0,0,0,0,0
1248,0,0,0,0,2,0,0,0,0,0,0,1,0,0,0,0,0,0,0,0,0,0,0
1249,0,0,0,0,0,0,0,0,0,0,0,0,0,0,0,0,0,0,0,0,0,0,0
1250,0,0,0,0,0,0,0,0,0,0,0,0,0,0,0,0,0,0,0,0,0,0,0
1251,0,0,0,1,0,0,0,0,0,0,0,0,0,0,0,0,0,0,0,0,0,0,0
1252,0,0,0,0,0,0,0,0,0,0,0,0,0,0,0,0,0,0,0,0,0,0,0
1253,0,0,0,1,0,0,0,0,0,0,0,0,0,0,0,0,0,0,0,0,0,0,0
1254,0,0,0,1,0,1,0,0,0,0,0,0,0,1,0,0,0,0,0,0,0,0,0
1255,0,0,0,0,0,2,1,0,1,0,0,0,0,0,0,0,0,0,0,0,0,0,0
1256,0,0,1,0,1,0,0,0,0,0,0,0,0,0,0,0,0,0,0,0,0,0,0
1257,0,0,0,0,0,0,0,0,0,0,0,0,0,0,0,0,0,0,0,0,0,0,0
1258,0,0,0,0,0,1,0,0,0,0,0,0,0,0,0,0,0,0,0,0,0,0,0
1259,0,0,0,0,0,0,0,0,1,0,0,0,0,0,0,0,0,0,0,0,0,0,0
1260,0,0,0,0,1,0,0,0,0,0,1,1,0,0,0,0,0,0,0,0,0,0,0
1261,0,0,0,0,0,1,0,0,0,0,0,0,0,0,0,0,0,0,0,0,0,0,0
1262,0,0,0,0,0,1,0,0,1,0,0,0,0,0,0,0,0,0,0,0,0,0,0
1263,0,0,0,0,0,0,0,0,0,0,0,0,0,0,0,0,0,0,0,0,0,0,0
1264,0,0,0,0,0,0,0,0,0,0,0,0,0,0,0,0,0,0,0,0,0,0,0
1265,0,0,0,2,0,0,0,0,0,0,0,0,0,0,0,0,0,0,0,0,0,0,0
1266,0,0,0,0,1,0,0,0,0,0,0,0,0,0,0,0,0,0,0,0,0,0,0
1267,0,0,0,0,0,1,0,0,0,0,0,0,0,0,0,0,0,0,0,0,0,0,0
1268,0,0,0,1,0,0,0,0,0,0,0,0,0,0,0,0,0,0,0,0,0,0,0
1269,0,0,0,0,1,0,0,0,0,0,0,0,0,0,0,0,0,0,0,0,0,0,0
1270,0,0,0,0,0,0,0,0,0,0,0,0,0,0,0,0,0,0,0,0,0,0,0
1271,0,0,0,0,0,0,0,0,0,0,0,0,0,0,0,0,0,0,0,0,0,0,0
1272,1,1,0,0,0,0,0,0,0,1,0,0,0,0,0,0,0,0,0,0,0,0,0
1273,0,0,0,0,0,0,0,0,0,1,0,0,0,0,0,0,0,0,0,0,0,0,0
1274,0,1,1,2,0,0,0,0,0,0,0,0,0,0,0,0,0,0,0,0,0,0,0
1275,0,0,0,0,0,0,0,0,0,0,0,0,0,0,0,0,0,0,0,0,0,0,0
1276,0,0,0,0,0,1,1,0,0,0,0,0,0,0,0,0,0,0,0,0,0,0,0
1277,0,0,0,0,0,0,0,0,0,0,0,0,0,0,0,0,0,0,0,0,0,0,0
1278,0,0,0,0,0,0,0,0,0,0,0,0,0,0,0,0,0,0,0,0,0,0,0
1279,0,0,0,0,0,0,0,0,0,0,0,0,0,0,0,0,0,0,0,0,0,0,0
1280,0,0,0,0,1,0,0,0,0,0,0,0,0,0,0,0,0,0,0,0,0,0,0
1281,0,0,0,0,0,0,0,0,0,0,0,0,0,0,0,0,0,0,0,0,0,0,0
1282,0,0,0,0,0,0,0,0,0,0,0,0,0,0,0,0,0,0,0,0,0,0,0
1283,0,0,0,0,0,0,0,0,0,0,0,0,0,0,0,0,0,0,0,0,0,0,0
1284,0,0,0,0,0,0,0,0,0,0,0,0,0,0,0,0,0,0,0,0,0,0,0
1285,0,0,0,0,0,0,0,0,0,0,0,0,0,0,0,0,0,0,0,0,0,0,0
1286,0,0,0,0,0,0,0,0,0,0,0,0,0,0,0,0,0,0,0,0,0,0,0
1287,0,0,0,0,0,0,1,0,0,0,0,0,0,0,0,0,0,0,0,0,0,0,0
1288,0,2,0,0,0,0,0,0,0,0,0,0,0,0,0,0,0,0,0,0,0,0,0
1289,0,0,0,0,0,0,0,0,0,0,0,0,0,0,0,0,0,0,0,0,0,0,0
1290,0,0,0,0,0,0,1,0,0,0,0,0,0,0,0,0,0,0,0,0,0,0,0
1291,0,0,0,0,0,0,0,0,0,0,0,0,0,0,0,0,0,0,0,0,0,0,0
1292,0,0,0,0,0,0,0,0,0,0,0,0,0,0,0,0,0,0,0,0,0,0,0
1293,0,1,0,0,0,0,0,0,0,0,0,0,0,0,0,0,0,0,0,0,0,0,0
1294,0,0,0,0,0,0,0,0,0,0,0,0,0,0,0,0,0,0,0,0,0,0,0
1295,1,1,0,0,0,0,0,0,0,0,0,0,0,0,0,0,0,0,0,0,0,0,0
1296,0,0,0,0,0,0,0,0,0,0,1,0,0,0,0,0,0,0,0,0,0,0,0
1297,0,0,0,0,0,0,0,0,0,0,0,0,0,0,0,0,0,0,0,0,0,0,0
1298,0,0,0,0,0,0,0,0,0,0,0,0,0,0,0,0,0,0,0,0,0,0,0
1299,0,0,0,0,0,0,0,0,0,0,0,0,0,0,0,0,0,0,0,0,0,0,0
1300,0,0,0,0,0,0,0,0,0,0,0,0,0,0,0,0,0,0,0,0,0,0,0
1301,0,0,0,0,0,0,0,0,0,0,0,0,0,0,0,0,0,0,0,0,0,0,0
1302,0,0,1,0,0,0,0,0,0,0,0,0,0,0,0,0,0,0,0,0,0,0,0
1303,0,0,0,0,0,0,0,0,1,0,0,0,0,0,0,0,0,0,0,0,0,0,0
1304,0,0,0,0,0,0,0,0,0,1,0,0,0,0,0,0,0,0,0,0,0,0,0
1305,0,0,0,0,0,0,0,0,0,0,0,0,0,0,0,0,0,0,0,0,0,0,0
1306,0,0,0,0,0,0,0,0,0,0,0,0,0,0,0,0,0,0,0,0,0,0,0
1307,0,0,0,0,0,0,0,1,0,0,0,0,0,0,0,0,0,0,0,0,0,0,0
1308,0,0,0,1,1,0,1,0,0,0,0,0,0,0,0,0,0,0,0,0,0,0,0
1309,0,0,0,0,0,0,0,0,0,0,1,0,0,0,0,0,0,0,0,0,0,0,0
1310,0,0,0,1,0,0,1,0,0,0,0,0,0,0,0,0,0,0,0,0,0,0,0
1311,0,0,0,1,0,0,0,0,0,0,0,0,0,0,0,0,0,0,0,0,0,0,0
1312,0,0,0,0,0,0,0,0,0,0,0,0,0,0,0,0,0,0,0,0,0,0,0
1313,0,0,0,0,0,0,0,0,0,0,0,0,0,0,0,0,0,0,0,0,0,0,0
1314,0,0,0,0,0,0,0,0,0,0,0,0,0,0,0,0,0,0,0,0,0,0,0
1315,0,0,0,0,0,0,0,0,0,0,0,0,0,0,0,0,0,0,0,0,0,0,0
1316,0,0,0,1,0,0,0,0,0,0,0,0,0,0,0,0,0,0,0,0,0,0,0
1317,0,0,0,3,0,0,0,0,0,0,0,0,0,0,0,0,0,0,0,0,0,0,0
1318,0,0,0,0,0,0,0,0,0,0,0,0,0,0,0,0,0,0,0,0,0,0,0
1319,0,0,0,0,0,0,0,0,0,0,0,0,0,0,0,0,0,0,0,0,0,0,0
1320,0,0,0,0,0,0,0,0,0,0,0,0,0,0,0,0,0,0,0,0,0,0,0
1321,0,0,0,0,0,0,0,0,0,0,0,0,0,0,0,0,0,0,0,0,0,0,0
1322,0,0,0,0,0,1,0,0,0,0,0,0,0,0,0,0,0,0,0,0,0,0,0
1323,0,0,0,0,0,0,0,0,0,0,0,0,0,0,0,0,0,0,0,0,0,0,0
1324,0,0,0,0,0,0,0,0,0,0,0,0,0,0,0,0,0,0,0,0,0,0,0
1325,0,0,0,0,0,0,0,0,0,0,0,0,0,0,0,0,0,0,0,0,0,0,0
1326,0,0,0,0,0,0,0,0,0,0,0,0,0,0,0,0,0,0,0,0,0,0,0
1327,0,0,0,0,0,0,0,0,0,0,0,0,0,0,0,0,0,0,0,0,0,0,0
1328,0,0,0,0,0,0,1,0,1,0,0,0,0,0,0,0,0,0,0,0,0,0,0
1329,0,0,0,0,0,0,0,0,0,0,0,0,1,0,0,0,0,0,0,0,0,0,0
1330,0,0,0,1,0,0,0,0,0,0,0,0,0,0,0,0,0,0,0,0,0,0,0
1331,0,0,0,0,0,0,0,0,0,0,0,0,0,0,0,0,0,0,0,0,0,0,0
1332,0,0,0,0,0,0,0,0,0,0,0,0,0,0,0,0,0,0,0,0,0,0,0
1333,0,0,0,0,0,0,0,0,0,0,0,0,0,0,0,0,0,0,0,0,0,0,0
1334,0,0,0,0,0,0,0,0,0,0,0,0,0,0,0,0,0,0,0,0,0,0,0
1335,0,1,0,0,0,0,0,0,0,0,0,0,0,0,0,0,0,0,0,0,0,0,0
1336,0,0,0,1,0,0,0,0,0,0,0,0,0,0,0,0,0,0,0,0,0,0,0
1337,1,0,0,0,0,0,0,0,0,0,0,0,0,0,0,0,0,1,0,0,0,0,0
1338,0,0,1,0,0,0,0,0,0,1,0,0,0,0,0,0,0,0,0,0,0,0,0
1339,0,0,0,0,0,0,2,0,0,0,0,0,0,0,0,0,0,0,0,0,0,0,0
1340,0,0,0,0,0,0,0,0,0,0,0,0,0,0,0,0,0,0,0,0,0,0,0
1341,0,0,0,0,0,0,0,0,0,0,0,0,0,0,0,0,0,0,0,0,0,0,0
1342,0,0,0,0,0,1,0,0,0,0,0,0,0,0,0,0,0,0,0,0,0,0,0
1343,0,0,0,0,0,0,0,0,0,0,0,0,0,0,0,0,0,0,0,0,0,0,0
1344,1,0,0,1,0,0,0,0,0,0,0,0,0,0,0,0,0,0,0,0,0,0,0
1345,0,1,0,0,0,0,0,0,0,0,0,0,0,0,0,0,0,0,0,0,0,0,0
1346,0,0,0,0,0,0,0,0,0,0,0,0,0,0,0,0,0,0,0,0,0,0,0
1347,0,0,0,0,0,0,0,0,0,0,0,0,0,0,0,0,0,0,0,0,0,0,0
1348,0,0,0,0,0,0,0,0,0,0,0,0,0,0,0,0,0,0,0,0,0,0,0
1349,0,0,0,0,0,0,0,0,0,0,0,0,0,0,0,0,0,0,0,0,0,0,0
1350,0,0,0,0,0,1,0,0,0,0,0,0,0,0,0,0,0,0,0,0,0,0,0
1351,2,0,0,0,0,0,0,0,0,0,1,0,0,0,0,0,0,0,0,0,0,0,0
1352,0,0,0,0,0,0,0,0,0,0,0,0,0,0,1,1,0,0,0,0,0,0,0
1353,0,0,0,0,0,0,1,0,0,0,0,0,0,0,0,0,0,0,0,0,0,0,0
1354,0,0,0,0,0,0,0,0,0,0,0,0,0,0,0,0,0,0,0,0,0,0,0
1355,0,0,0,0,0,0,0,0,0,0,0,0,0,0,0,0,0,0,0,0,0,0,0
1356,0,0,0,0,0,0,0,0,0,0,0,0,0,0,0,0,1,0,0,0,0,0,0
1357,0,0,0,0,0,1,0,0,0,0,0,1,0,0,0,0,0,0,0,0,0,0,0
1358,2,0,0,1,1,0,0,0,0,0,0,0,0,0,0,0,1,0,0,0,0,0,0
1359,0,0,0,0,0,0,0,1,3,0,2,0,0,0,0,0,0,0,0,0,0,0,0
1360,0,1,0,0,0,2,0,1,1,1,1,2,1,2,1,0,1,0,0,0,0,0,0
1361,0,0,0,0,0,0,0,0,0,0,0,0,0,0,0,0,0,0,0,0,0,0,0
1362,0,0,0,0,0,0,0,0,0,0,0,0,0,0,0,0,0,0,0,0,0,0,0
1363,0,0,0,0,1,0,0,0,0,1,0,0,0,1,0,2,1,0,0,0,0,0,0
1364,0,0,1,0,0,1,0,1,0,1,1,1,4,3,2,2,8,0,1,1,0,0,0
1365,2,0,0,0,0,0,0,0,2,2,2,2,0,0,3,1,0,3,1,0,0,0,0
1366,0,0,0,0,0,0,0,0,0,0,0,0,0,0,0,0,0,0,0,0,0,0,0
1367,0,0,1,0,1,0,0,0,1,1,1,1,0,2,2,1,0,0,1,1,0,0,0
1368,0,0,0,0,0,0,0,0,0,0,0,0,0,0,0,0,0,0,0,0,0,0,0
1369,0,0,0,0,0,0,0,0,0,0,0,0,0,0,0,0,0,0,0,0,0,0,0
1370,0,0,0,0,0,0,0,1,0,0,0,0,0,1,3,2,2,1,0,0,0,0,0
1371,0,0,1,1,0,0,0,1,1,1,0,1,1,5,1,3,1,2,1,0,0,0,0
1372,0,0,0,1,1,0,2,1,1,2,3,1,4,5,3,4,2,5,5,0,0,0,0
1373,0,0,2,0,0,1,0,1,2,1,1,3,2,6,7,7,9,4,3,1,0,0,0
1374,2,0,0,0,1,0,0,2,3,0,0,1,3,1,7,0,0,0,0,0,0,0,0
1375,0,0,0,0,0,0,0,0,0,0,0,0,0,0,1,0,0,0,0,0,0,0,0
1376,0,0,0,0,0,0,0,0,0,0,0,0,0,0,0,0,0,0,0,0,0,0,0
1377,0,0,2,0,1,0,1,0,1,1,1,2,3,5,3,1,3,2,2,1,0,0,0
1378,3,1,0,1,1,3,1,1,3,0,2,1,3,3,6,2,5,2,2,0,0,0,0
1379,3,0,1,1,0,1,0,0,1,2,2,2,4,4,5,4,2,5,2,1,0,0,0
1380,0,0,0,0,0,1,5,3,0,1,0,2,7,3,7,5,4,3,0,1,0,0,0
1381,0,0,1,0,0,3,2,2,6,0,0,1,4,3,2,0,4,1,3,0,0,0,0
1382,0,0,0,0,0,0,0,0,0,0,0,0,0,0,0,0,0,0,0,0,0,0,0
1383,0,0,0,0,0,0,0,0,0,0,0,0,0,0,0,0,0,0,0,0,0,0,0
1384,1,0,0,0,1,0,2,2,0,1,1,2,1,8,6,3,4,2,2,1,0,0,0
1385,0,0,0,2,1,1,0,2,0,0,1,4,2,1,8,4,5,5,1,0,0,0,0
1386,1,1,0,0,1,2,0,6,1,1,3,2,4,10,10,5,3,4,9,1,0,0,0
1387,0,0,0,0,0,1,2,3,2,4,5,5,5,6,6,13,2,3,5,1,0,0,0
1388,0,4,2,0,0,1,3,1,0,3,2,2,2,5,2,2,3,3,3,1,1,0,0
1389,0,0,0,0,0,0,0,0,0,0,0,0,0,0,0,0,0,0,0,0,0,0,0
1390,0,0,0,0,0,0,0,0,0,0,0,0,0,0,0,0,0,0,0,0,0,0,0
1391,0,1,0,0,0,1,1,4,1,1,0,6,5,5,2,2,0,2,0,1,0,0,0
1392,0,0,1,1,2,0,1,1,4,3,3,4,4,5,15,6,8,3,3,1,0,0,0
1393,0,0,1,0,1,1,4,5,1,0,4,2,2,8,8,4,6,4,1,1,0,0,0
1394,0,1,2,0,0,2,1,2,6,1,3,6,5,8,8,6,4,3,6,3,0,0,0
1395,1,3,1,0,0,0,1,3,3,2,1,1,2,4,2,4,5,4,1,0,1,0,0
1396,0,0,0,0,0,0,0,0,0,0,0,0,0,0,0,0,0,2,1,0,0,0,0
1397,0,0,0,0,0,0,0,0,0,0,0,0,0,0,0,0,0,0,0,0,0,0,0
1398,0,0,2,5,3,2,3,1,3,2,1,3,1,10,4,4,4,1,4,1,0,0,0
1399,0,0,1,1,1,1,3,2,1,3,2,4,1,6,1,3,4,2,2,0,0,0,0
1400,2,3,0,0,0,5,4,4,4,1,1,3,3,5,2,5,1,4,1,0,0,0,0
1401,0,0,1,1,0,3,2,1,3,4,0,2,2,3,1,5,3,4,2,0,0,0,0
1402,0,1,0,1,1,4,2,5,1,5,2,0,4,3,2,5,3,3,1,0,0,0,0
1403,0,0,0,0,0,0,0,0,0,0,0,0,0,0,0,0,0,0,0,0,0,0,0
1404,0,0,0,0,0,0,0,0,0,0,0,0,0,0,0,0,0,1,0,0,0,0,0
1405,0,0,0,0,0,1,3,2,0,3,3,1,1,5,6,4,3,6,1,1,0,0,0
1406,0,0,0,1,0,4,3,2,3,0,3,2,1,4,2,5,2,4,2,0,0,0,0
1407,1,1,0,0,0,1,3,3,0,4,2,0,0,6,2,4,7,4,4,0,0,0,0
1408,4,0,0,0,3,0,1,2,1,3,3,4,4,3,3,1,1,2,1,0,0,0,0
1409,0,4,0,1,1,2,1,2,0,0,2,1,0,4,0,4,3,1,1,1,0,0,0
1410,0,0,0,0,0,0,0,0,0,0,0,0,0,0,0,0,0,0,0,0,0,0,0
1411,0,0,0,0,0,0,0,0,0,0,0,0,0,0,0,0,0,0,0,0,0,0,0
1412,0,1,1,1,0,0,1,1,0,1,2,0,4,5,3,2,0,2,4,0,0,0,0
1413,0,0,0,0,0,0,2,3,1,2,1,1,0,4,1,4,1,0,0,0,0,0,0
1414,2,7,1,2,0,0,1,6,0,0,2,0,2,8,4,3,3,1,1,0,0,0,0
1415,0,0,0,1,1,3,3,2,0,1,1,5,3,6,6,2,3,0,2,1,0,0,0
1416,0,0,0,0,0,0,0,0,0,0,0,0,0,0,0,0,0,0,0,0,0,0,0
1417,0,0,0,0,0,0,0,0,0,0,0,0,0,0,0,0,0,0,0,0,0,0,0
1418,0,0,0,0,0,0,0,0,0,0,0,0,0,0,0,0,0,0,0,0,0,0,0
1419,0,0,0,0,1,1,1,0,2,2,1,2,0,1,1,2,3,0,1,0,0,0,0
1420,0,0,0,0,0,2,1,0,0,0,3,3,1,4,4,2,2,2,2,0,0,0,0
1421,3,1,0,3,1,1,1,2,1,1,2,0,2,1,2,5,1,2,2,1,0,0,0
1422,0,0,0,0,1,3,2,4,2,3,1,1,4,5,1,5,4,1,1,1,0,0,0
1423,0,1,0,0,0,1,0,1,2,0,0,3,2,2,1,3,1,1,0,0,0,0,0
1424,0,0,0,0,0,0,0,0,0,1,0,0,0,0,0,0,0,0,0,0,0,0,0
1425,0,0,0,0,0,0,0,0,0,0,0,0,0,0,0,0,0,0,0,0,0,0,0
1426,0,0,0,0,2,2,3,1,2,3,0,0,0,2,3,3,5,0,2,2,0,0,0
1427,0,0,0,2,0,2,0,1,0,2,1,0,1,4,4,4,7,3,0,0,0,0,0
1428,6,2,1,1,1,2,3,1,3,2,1,1,3,2,4,3,2,2,1,0,0,0,1
1429,0,1,0,0,0,1,1,1,3,1,3,2,3,3,3,1,3,2,1,1,0,0,0
1430,0,1,0,0,0,1,2,2,1,1,1,1,0,0,1,2,1,0,1,0,0,0,0
1431,0,0,0,1,0,0,0,0,0,0,0,0,0,0,0,0,0,0,0,0,0,0,0
1432,0,0,0,0,0,0,0,0,0,0,0,0,0,0,0,0,0,0,0,0,0,0,0
1433,0,2,0,0,0,1,0,1,0,0,1,2,1,1,0,1,1,2,0,0,0,0,0
1434,0,2,0,1,0,0,1,1,3,0,1,2,1,0,4,2,2,2,1,0,0,0,0
1435,0,1,0,0,0,0,1,2,2,2,0,4,1,2,3,2,0,0,2,0,0,0,0
1436,2,0,0,0,1,0,2,0,1,1,2,0,1,0,1,4,1,2,0,0,0,0,0
1437,0,1,0,0,0,0,3,0,0,0,1,2,0,0,2,1,0,0,1,0,0,0,0
1438,0,0,0,0,0,0,0,0,0,0,0,0,0,0,0,0,0,0,0,0,0,0,0
1439,0,0,0,0,0,0,0,0,0,0,0,0,0,0,0,0,0,0,0,0,0,0,0
1440,0,1,0,0,0,2,0,0,1,1,1,2,0,2,1,2,1,0,0,0,0,0,0
1441,0,1,0,1,0,2,0,1,0,1,0,0,2,0,4,3,0,1,1,0,0,0,0
1442,0,2,0,0,2,0,2,2,2,1,0,0,1,4,0,3,1,0,1,0,0,0,0
1443,0,0,0,0,0,3,3,1,2,0,1,1,0,0,2,0,1,0,1,0,0,0,0
1444,0,0,0,0,0,0,3,0,1,2,1,0,0,2,1,2,1,1,0,1,0,0,0
1445,0,0,0,0,0,0,0,0,0,0,0,0,0,0,0,0,0,0,0,0,0,0,0
1446,0,0,0,0,0,0,0,0,0,0,0,0,0,0,0,0,0,0,0,0,0,0,0
1447,0,2,0,0,0,0,0,2,1,0,1,0,2,4,1,1,2,0,0,0,0,0,0
1448,0,1,0,1,0,3,0,0,2,2,0,2,7,1,2,2,3,1,1,0,0,0,0
1449,4,4,0,0,1,0,1,0,2,0,1,1,2,1,3,1,0,1,0,1,0,0,0
1450,0,0,2,0,0,1,0,1,0,3,3,1,3,3,1,1,0,0,0,0,0,0,0
1451,0,0,0,0,0,0,2,0,0,0,1,0,0,2,1,0,0,0,1,0,0,0,0
1452,0,0,0,0,0,0,0,0,0,0,0,0,0,0,0,0,0,0,0,0,0,0,0
1453,0,0,0,0,0,0,0,0,0,0,0,0,0,0,0,0,0,0,0,0,0,0,0
1454,0,0,0,0,0,0,0,0,0,0,0,0,0,0,0,0,0,0,0,0,0,0,0
1455,0,0,0,0,0,0,0,0,0,0,0,0,0,0,0,0,0,0,0,0,0,0,0
1456,0,0,0,0,0,0,1,0,0,0,0,0,0,0,0,0,0,0,0,0,0,0,0
1457,0,1,0,0,0,0,0,0,0,0,1,1,0,0,0,0,0,0,0,0,0,0,0
1458,0,1,0,1,0,0,0,1,0,0,0,1,0,0,0,0,0,0,0,0,0,0,0
1459,0,0,0,0,0,0,0,0,0,0,0,0,0,0,0,0,0,0,0,0,0,0,0
1460,0,0,0,0,0,0,0,0,0,0,0,0,0,0,0,0,0,0,0,0,0,0,0
1461,0,0,0,0,0,0,0,0,0,0,0,0,0,0,0,0,0,0,0,0,0,0,0
1462,0,0,0,0,0,0,0,0,0,0,1,1,0,1,1,1,1,1,0,0,0,0,0
1463,3,0,0,1,0,0,2,1,0,0,0,0,1,0,0,0,0,0,0,0,0,0,0
1464,0,0,0,0,0,0,1,1,3,0,0,0,0,0,0,0,0,0,0,0,0,0,0
1465,0,1,1,1,0,0,0,1,1,1,1,0,0,0,2,0,0,0,0,0,0,0,0
1466,0,1,0,0,0,0,0,0,0,0,0,0,0,0,0,0,0,0,0,0,0,0,0
1467,0,0,0,0,0,0,0,0,0,0,0,0,0,0,0,0,0,0,0,0,0,0,0
1468,0,0,0,2,0,0,2,0,0,0,0,0,0,0,1,2,0,0,0,0,0,0,0
1469,0,0,0,0,0,0,0,0,0,0,0,0,2,1,0,1,0,0,1,0,0,0,0
1470,4,2,1,1,1,1,1,1,0,0,1,0,2,0,4,0,0,0,1,0,0,0,0
1471,2,0,0,0,0,0,0,0,0,0,0,0,0,1,0,0,2,0,0,0,0,0,0
1472,0,1,2,2,0,0,0,1,0,1,1,1,0,1,1,0,0,0,0,0,1,0,0
1473,0,0,0,0,0,0,0,0,0,0,0,0,0,0,0,0,0,0,0,0,0,0,0
1474,0,0,0,0,0,0,0,0,0,0,0,0,0,0,0,0,0,0,0,0,0,0,0
1475,0,0,0,0,0,0,0,0,0,0,0,0,0,0,0,1,0,0,0,0,0,0,0
1476,0,0,0,0,1,0,0,3,2,0,0,0,0,0,0,0,2,2,0,0,0,0,0
1477,0,1,1,1,0,1,1,1,1,0,0,0,0,0,0,0,0,1,1,0,0,0,0
1478,0,0,2,0,2,0,1,1,1,0,1,0,0,1,3,0,1,0,0,0,0,0,0
1479,0,0,0,0,1,1,1,1,0,1,0,0,0,0,0,1,1,0,0,0,0,0,0
1480,0,0,0,0,0,0,0,0,0,0,0,0,0,0,0,0,0,0,0,0,0,0,0
1481,0,1,1,0,0,0,0,0,0,0,0,0,0,0,0,0,0,0,0,0,0,0,0
1482,0,0,0,0,0,0,0,1,0,0,2,0,0,1,0,1,0,0,1,0,0,0,0
1483,0,0,0,0,0,0,0,2,1,0,1,1,1,0,0,0,0,0,0,0,0,0,0
1484,2,3,1,0,0,0,0,0,0,0,1,0,0,0,0,0,0,0,1,0,0,0,0
1485,0,0,0,0,0,1,1,1,0,0,0,2,0,0,1,0,0,0,0,0,0,0,0
1486,0,0,0,0,1,0,1,3,0,0,1,2,2,0,1,1,0,0,0,0,0,0,0
1487,0,0,0,0,0,0,0,0,0,0,0,0,0,0,0,0,0,0,0,0,0,0,0
1488,0,0,0,0,0,0,0,0,0,0,0,0,0,0,0,0,0,0,0,0,0,0,0
1489,0,0,0,0,0,1,1,0,0,0,1,0,0,0,1,0,0,3,0,0,0,0,0
1490,0,0,0,0,0,1,0,0,0,0,0,0,0,0,0,0,0,0,0,0,0,0,0
1491,0,0,0,0,0,0,0,1,0,1,1,0,1,0,0,0,0,1,1,0,0,0,0
1492,0,0,0,0,0,1,0,0,0,0,0,0,0,1,0,0,0,1,0,0,0,0,0
1493,0,0,2,0,0,0,0,0,0,0,0,0,1,0,0,2,0,0,0,0,0,0,0
1494,0,0,0,0,0,0,0,0,0,0,0,0,0,0,0,0,0,0,0,0,0,0,0
1495,0,0,0,0,0,0,0,0,0,0,0,0,0,0,0,0,0,0,0,0,0,0,0
1496,0,0,0,0,0,0,0,1,0,0,0,0,0,0,0,0,0,1,0,0,0,0,0
1497,0,0,0,0,0,0,2,0,0,0,0,0,0,0,0,0,0,0,0,0,0,0,0
1498,1,1,0,1,0,1,2,0,1,0,1,1,0,0,0,0,0,0,0,0,0,0,0
1499,0,0,0,0,0,1,0,0,0,0,0,0,1,0,1,1,0,1,0,0,0,0,0
1500,0,0,0,0,0,0,0,0,0,0,0,0,0,1,0,0,0,0,0,0,0,0,0
1501,0,0,0,0,0,0,0,0,0,0,0,0,0,0,0,0,0,0,0,0,0,0,0
1502,0,0,0,0,0,0,0,0,0,0,0,0,0,0,0,0,0,0,0,0,0,0,0
1503,0,0,0,0,0,0,1,0,0,0,0,0,0,0,0,0,0,0,0,0,0,0,0
1504,0,0,0,0,0,0,0,1,1,1,0,0,1,0,0,0,0,0,0,0,0,0,0
1505,0,1,0,0,0,0,0,0,0,0,0,0,0,0,0,1,0,0,0,0,0,0,0
1506,0,0,0,0,0,0,1,0,0,0,0,0,1,0,1,1,0,0,0,0,0,0,0
1507,0,0,0,0,0,0,0,0,0,0,0,0,0,0,0,0,0,0,0,0,0,0,0
1508,0,0,0,0,0,0,0,0,0,0,0,0,0,0,0,0,0,0,0,0,0,0,0
1509,0,0,0,0,0,0,0,0,0,0,0,0,0,0,0,0,0,0,0,0,0,0,0
1510,0,0,0,0,0,0,1,0,0,0,0,0,0,0,0,0,0,0,0,0,0,0,0
1511,0,0,0,0,0,0,0,0,1,0,0,0,0,0,0,0,0,0,0,0,0,0,0
1512,2,0,0,0,0,0,0,0,0,0,0,0,0,0,0,0,0,0,0,0,0,0,0
1513,0,0,0,0,0,0,0,0,0,0,0,1,0,0,1,0,0,0,0,0,0,0,0
1514,0,0,0,0,0,0,1,0,0,0,0,0,0,0,0,0,0,0,0,0,0,0,0
1515,0,0,0,0,0,0,0,0,0,0,0,0,0,0,0,0,0,0,0,0,0,0,0
1516,0,0,0,0,0,0,0,0,0,0,0,0,0,0,0,0,0,0,0,0,0,0,0
1517,0,0,0,0,0,0,0,0,0,0,0,0,0,0,0,0,0,0,0,0,0,0,0
1518,0,0,0,0,0,0,0,0,0,0,0,0,0,0,1,1,0,0,0,0,0,0,0
1519,0,0,0,0,0,2,0,0,0,0,1,0,0,0,0,0,0,0,0,0,0,0,0
1520,0,1,1,0,0,0,0,1,0,0,0,0,0,0,0,0,0,0,0,0,0,0,0
1521,0,0,0,0,0,0,0,1,0,0,0,0,1,0,0,0,0,0,0,0,0,0,0
1522,0,0,0,0,0,0,0,0,0,0,0,0,0,0,0,0,0,0,0,0,0,0,0
1523,0,0,0,0,0,0,0,0,0,0,0,0,0,0,0,0,0,0,0,0,0,0,0
1524,0,0,0,0,0,0,0,0,0,0,0,0,0,0,0,0,0,0,0,0,0,0,0
1525,0,0,0,0,0,0,0,0,0,0,0,0,0,0,0,0,0,0,0,0,0,0,0
1526,0,0,0,0,1,0,1,0,0,0,0,0,0,0,0,0,0,0,1,0,0,0,0
1527,0,0,0,0,0,0,0,0,0,0,0,0,0,0,0,0,0,0,0,0,0,0,0
1528,0,0,0,0,0,0,0,0,0,0,0,0,0,0,0,0,0,0,0,0,0,0,0
1529,0,0,0,0,0,0,0,0,0,0,0,0,0,0,0,0,0,0,0,0,0,0,0
1530,0,0,0,0,0,0,0,0,0,0,0,0,0,0,0,0,0,0,0,0,0,0,0
1531,0,0,0,0,0,0,0,0,0,0,0,0,0,0,0,0,0,0,0,0,0,0,0
1532,0,0,0,0,0,1,0,0,0,0,0,0,0,0,0,0,0,0,0,0,0,0,0
1533,1,0,0,0,0,0,1,0,0,0,0,0,0,0,0,0,0,0,0,0,0,0,0
